UNIQUE_ID,COUNTYFP,County,Precinct,CONG_DIST,GCON01DJAC,GCON01OWRI,GCON01RCAR,GCON02DKEL,GCON02RLYN,GCON03DRAM,GCON03RBUR,GCON04DGAR,GCON04OWRI,GCON04RFAL,GCON04WHER,GCON05DQUI,GCON05ICRU,GCON05RHAN,GCON06DCAS,GCON06OWRI,GCON06RPEK,GCON07DDAV,GCON07OWRI,GCON08DKRI,GCON08RDAR,GCON09DSCH,GCON09RRIC,GCON10DSCH,GCON10RSEV,GCON11DFOS,GCON11OWRI,GCON11RLAU,GCON12DMAR,GCON12OWRI,GCON12RBOS,GCON13DBUD,GCON13OWRI,GCON13RDEE,GCON14DUND,GCON14OWRI,GCON14RGRY,GCON15DLAN,GCON15RMIL,GCON16DHAD,GCON16RLAH,GCON17DSOR,GCON17OWRI,GCON17RKIN
COOK-:-7800026-(CONG-07),31,COOK,7800026,7,0,0,0,0,0,0,0,0,0,0,0,0,0,0,0,0,0,445,0,0,0,0,0,0,0,0,0,0,0,0,0,0,0,0,0,0,0,0,0,0,0,0,0,0
COOK-:-8500033-(CONG-07),31,COOK,8500033,7,0,0,0,0,0,0,0,0,0,0,0,0,0,0,0,0,0,451,0,0,0,0,0,0,0,0,0,0,0,0,0,0,0,0,0,0,0,0,0,0,0,0,0,0
COOK-:-8900025-(CONG-07),31,COOK,8900025,7,0,0,0,0,0,0,0,0,0,0,0,0,0,0,0,0,0,70,0,0,0,0,0,0,0,0,0,0,0,0,0,0,0,0,0,0,0,0,0,0,0,0,0,0
COOK-:-8900030-(CONG-07),31,COOK,8900030,7,0,0,0,0,0,0,0,0,0,0,0,0,0,0,0,0,0,353,0,0,0,0,0,0,0,0,0,0,0,0,0,0,0,0,0,0,0,0,0,0,0,0,0,0
COOK-:-8900071-(CONG-07),31,COOK,8900071,7,0,0,0,0,0,0,0,0,0,0,0,0,0,0,0,0,0,202,1,0,0,0,0,0,0,0,0,0,0,0,0,0,0,0,0,0,0,0,0,0,0,0,0,0
COOK-:-WARD 01 PRECINCT 21-(CONG-07),31,COOK,WARD 01 PRECINCT 21,7,0,0,0,0,0,0,0,0,0,0,0,0,0,0,0,0,0,27,0,0,0,0,0,0,0,0,0,0,0,0,0,0,0,0,0,0,0,0,0,0,0,0,0,0
COOK-:-WARD 02 PRECINCT 23-(CONG-07),31,COOK,WARD 02 PRECINCT 23,7,0,0,0,0,0,0,0,0,0,0,0,0,0,0,0,0,0,354,2,0,0,0,0,0,0,0,0,0,0,0,0,0,0,0,0,0,0,0,0,0,0,0,0,0
COOK-:-WARD 03 PRECINCT 02-(CONG-07),31,COOK,WARD 03 PRECINCT 02,7,0,0,0,0,0,0,0,0,0,0,0,0,0,0,0,0,0,32,0,0,0,0,0,0,0,0,0,0,0,0,0,0,0,0,0,0,0,0,0,0,0,0,0,0
COOK-:-WARD 03 PRECINCT 07-(CONG-07),31,COOK,WARD 03 PRECINCT 07,7,0,0,0,0,0,0,0,0,0,0,0,0,0,0,0,0,0,116,0,0,0,0,0,0,0,0,0,0,0,0,0,0,0,0,0,0,0,0,0,0,0,0,0,0
COOK-:-WARD 03 PRECINCT 19-(CONG-07),31,COOK,WARD 03 PRECINCT 19,7,0,0,0,0,0,0,0,0,0,0,0,0,0,0,0,0,0,317,0,0,0,0,0,0,0,0,0,0,0,0,0,0,0,0,0,0,0,0,0,0,0,0,0,0
COOK-:-WARD 03 PRECINCT 20-(CONG-07),31,COOK,WARD 03 PRECINCT 20,7,0,0,0,0,0,0,0,0,0,0,0,0,0,0,0,0,0,192,0,0,0,0,0,0,0,0,0,0,0,0,0,0,0,0,0,0,0,0,0,0,0,0,0,0
COOK-:-WARD 03 PRECINCT 22-(CONG-07),31,COOK,WARD 03 PRECINCT 22,7,0,0,0,0,0,0,0,0,0,0,0,0,0,0,0,0,0,447,1,0,0,0,0,0,0,0,0,0,0,0,0,0,0,0,0,0,0,0,0,0,0,0,0,0
COOK-:-WARD 04 PRECINCT 24-(CONG-07),31,COOK,WARD 04 PRECINCT 24,7,0,0,0,0,0,0,0,0,0,0,0,0,0,0,0,0,0,149,0,0,0,0,0,0,0,0,0,0,0,0,0,0,0,0,0,0,0,0,0,0,0,0,0,0
COOK-:-WARD 14 PRECINCT 01-(CONG-07),31,COOK,WARD 14 PRECINCT 01,7,0,0,0,0,0,0,0,0,0,0,0,0,0,0,0,0,0,294,1,0,0,0,0,0,0,0,0,0,0,0,0,0,0,0,0,0,0,0,0,0,0,0,0,0
COOK-:-WARD 15 PRECINCT 10-(CONG-07),31,COOK,WARD 15 PRECINCT 10,7,0,0,0,0,0,0,0,0,0,0,0,0,0,0,0,0,0,108,1,0,0,0,0,0,0,0,0,0,0,0,0,0,0,0,0,0,0,0,0,0,0,0,0,0
COOK-:-WARD 16 PRECINCT 07-(CONG-07),31,COOK,WARD 16 PRECINCT 07,7,0,0,0,0,0,0,0,0,0,0,0,0,0,0,0,0,0,163,0,0,0,0,0,0,0,0,0,0,0,0,0,0,0,0,0,0,0,0,0,0,0,0,0,0
COOK-:-WARD 16 PRECINCT 20-(CONG-07),31,COOK,WARD 16 PRECINCT 20,7,0,0,0,0,0,0,0,0,0,0,0,0,0,0,0,0,0,210,0,0,0,0,0,0,0,0,0,0,0,0,0,0,0,0,0,0,0,0,0,0,0,0,0,0
COOK-:-WARD 16 PRECINCT 23-(CONG-07),31,COOK,WARD 16 PRECINCT 23,7,0,0,0,0,0,0,0,0,0,0,0,0,0,0,0,0,0,31,0,0,0,0,0,0,0,0,0,0,0,0,0,0,0,0,0,0,0,0,0,0,0,0,0,0
COOK-:-WARD 17 PRECINCT 02-(CONG-07),31,COOK,WARD 17 PRECINCT 02,7,0,0,0,0,0,0,0,0,0,0,0,0,0,0,0,0,0,157,0,0,0,0,0,0,0,0,0,0,0,0,0,0,0,0,0,0,0,0,0,0,0,0,0,0
COOK-:-WARD 17 PRECINCT 14-(CONG-07),31,COOK,WARD 17 PRECINCT 14,7,0,0,0,0,0,0,0,0,0,0,0,0,0,0,0,0,0,190,0,0,0,0,0,0,0,0,0,0,0,0,0,0,0,0,0,0,0,0,0,0,0,0,0,0
COOK-:-WARD 20 PRECINCT 01-(CONG-07),31,COOK,WARD 20 PRECINCT 01,7,0,0,0,0,0,0,0,0,0,0,0,0,0,0,0,0,0,49,0,0,0,0,0,0,0,0,0,0,0,0,0,0,0,0,0,0,0,0,0,0,0,0,0,0
COOK-:-WARD 20 PRECINCT 05-(CONG-07),31,COOK,WARD 20 PRECINCT 05,7,0,0,0,0,0,0,0,0,0,0,0,0,0,0,0,0,0,219,0,0,0,0,0,0,0,0,0,0,0,0,0,0,0,0,0,0,0,0,0,0,0,0,0,0
COOK-:-WARD 20 PRECINCT 08-(CONG-07),31,COOK,WARD 20 PRECINCT 08,7,0,0,0,0,0,0,0,0,0,0,0,0,0,0,0,0,0,119,0,0,0,0,0,0,0,0,0,0,0,0,0,0,0,0,0,0,0,0,0,0,0,0,0,0
COOK-:-WARD 20 PRECINCT 14-(CONG-07),31,COOK,WARD 20 PRECINCT 14,7,0,0,0,0,0,0,0,0,0,0,0,0,0,0,0,0,0,80,0,0,0,0,0,0,0,0,0,0,0,0,0,0,0,0,0,0,0,0,0,0,0,0,0,0
COOK-:-WARD 22 PRECINCT 02-(CONG-07),31,COOK,WARD 22 PRECINCT 02,7,0,0,0,0,0,0,0,0,0,0,0,0,0,0,0,0,0,90,0,0,0,0,0,0,0,0,0,0,0,0,0,0,0,0,0,0,0,0,0,0,0,0,0,0
COOK-:-WARD 24 PRECINCT 18-(CONG-07),31,COOK,WARD 24 PRECINCT 18,7,0,0,0,0,0,0,0,0,0,0,0,0,0,0,0,0,0,151,0,0,0,0,0,0,0,0,0,0,0,0,0,0,0,0,0,0,0,0,0,0,0,0,0,0
COOK-:-WARD 25 PRECINCT 03-(CONG-07),31,COOK,WARD 25 PRECINCT 03,7,0,0,0,0,0,0,0,0,0,0,0,0,0,0,0,0,0,54,0,0,0,0,0,0,0,0,0,0,0,0,0,0,0,0,0,0,0,0,0,0,0,0,0,0
COOK-:-WARD 25 PRECINCT 13-(CONG-07),31,COOK,WARD 25 PRECINCT 13,7,0,0,0,0,0,0,0,0,0,0,0,0,0,0,0,0,0,507,0,0,0,0,0,0,0,0,0,0,0,0,0,0,0,0,0,0,0,0,0,0,0,0,0,0
COOK-:-WARD 26 PRECINCT 27-(CONG-07),31,COOK,WARD 26 PRECINCT 27,7,0,0,0,0,0,0,0,0,0,0,0,0,0,0,0,0,0,184,0,0,0,0,0,0,0,0,0,0,0,0,0,0,0,0,0,0,0,0,0,0,0,0,0,0
COOK-:-WARD 27 PRECINCT 09-(CONG-07),31,COOK,WARD 27 PRECINCT 09,7,0,0,0,0,0,0,0,0,0,0,0,0,0,0,0,0,0,590,2,0,0,0,0,0,0,0,0,0,0,0,0,0,0,0,0,0,0,0,0,0,0,0,0,0
COOK-:-WARD 27 PRECINCT 12-(CONG-07),31,COOK,WARD 27 PRECINCT 12,7,0,0,0,0,0,0,0,0,0,0,0,0,0,0,0,0,0,263,0,0,0,0,0,0,0,0,0,0,0,0,0,0,0,0,0,0,0,0,0,0,0,0,0,0
COOK-:-WARD 27 PRECINCT 13-(CONG-07),31,COOK,WARD 27 PRECINCT 13,7,0,0,0,0,0,0,0,0,0,0,0,0,0,0,0,0,0,473,0,0,0,0,0,0,0,0,0,0,0,0,0,0,0,0,0,0,0,0,0,0,0,0,0,0
COOK-:-WARD 27 PRECINCT 21-(CONG-07),31,COOK,WARD 27 PRECINCT 21,7,0,0,0,0,0,0,0,0,0,0,0,0,0,0,0,0,0,127,1,0,0,0,0,0,0,0,0,0,0,0,0,0,0,0,0,0,0,0,0,0,0,0,0,0
COOK-:-WARD 29 PRECINCT 04-(CONG-07),31,COOK,WARD 29 PRECINCT 04,7,0,0,0,0,0,0,0,0,0,0,0,0,0,0,0,0,0,57,0,0,0,0,0,0,0,0,0,0,0,0,0,0,0,0,0,0,0,0,0,0,0,0,0,0
COOK-:-WARD 29 PRECINCT 05-(CONG-07),31,COOK,WARD 29 PRECINCT 05,7,0,0,0,0,0,0,0,0,0,0,0,0,0,0,0,0,0,161,0,0,0,0,0,0,0,0,0,0,0,0,0,0,0,0,0,0,0,0,0,0,0,0,0,0
COOK-:-WARD 37 PRECINCT 16-(CONG-07),31,COOK,WARD 37 PRECINCT 16,7,0,0,0,0,0,0,0,0,0,0,0,0,0,0,0,0,0,487,0,0,0,0,0,0,0,0,0,0,0,0,0,0,0,0,0,0,0,0,0,0,0,0,0,0
COOK-:-WARD 42 PRECINCT 09-(CONG-07),31,COOK,WARD 42 PRECINCT 09,7,0,0,0,0,0,0,0,0,0,0,0,0,0,0,0,0,0,267,0,0,0,0,0,0,0,0,0,0,0,0,0,0,0,0,0,0,0,0,0,0,0,0,0,0
COOK-:-WARD 42 PRECINCT 22-(CONG-07),31,COOK,WARD 42 PRECINCT 22,7,0,0,0,0,0,0,0,0,0,0,0,0,0,0,0,0,0,617,0,0,0,0,0,0,0,0,0,0,0,0,0,0,0,0,0,0,0,0,0,0,0,0,0,0
COOK-:-WARD 43 PRECINCT 15-(CONG-07),31,COOK,WARD 43 PRECINCT 15,7,0,0,0,0,0,0,0,0,0,0,0,0,0,0,0,0,0,480,0,0,0,0,0,0,0,0,0,0,0,0,0,0,0,0,0,0,0,0,0,0,0,0,0,0
COOK-:-8500001,31,COOK,8500001,7,0,0,0,0,0,0,0,0,0,0,0,0,0,0,0,0,0,832,0,0,0,0,0,0,0,0,0,0,0,0,0,0,0,0,0,0,0,0,0,0,0,0,0,0
COOK-:-8500002,31,COOK,8500002,7,0,0,0,0,0,0,0,0,0,0,0,0,0,0,0,0,0,741,0,0,0,0,0,0,0,0,0,0,0,0,0,0,0,0,0,0,0,0,0,0,0,0,0,0
COOK-:-8500003,31,COOK,8500003,7,0,0,0,0,0,0,0,0,0,0,0,0,0,0,0,0,0,765,0,0,0,0,0,0,0,0,0,0,0,0,0,0,0,0,0,0,0,0,0,0,0,0,0,0
COOK-:-8500004,31,COOK,8500004,7,0,0,0,0,0,0,0,0,0,0,0,0,0,0,0,0,0,613,0,0,0,0,0,0,0,0,0,0,0,0,0,0,0,0,0,0,0,0,0,0,0,0,0,0
COOK-:-8500005,31,COOK,8500005,7,0,0,0,0,0,0,0,0,0,0,0,0,0,0,0,0,0,669,1,0,0,0,0,0,0,0,0,0,0,0,0,0,0,0,0,0,0,0,0,0,0,0,0,0
COOK-:-8500006,31,COOK,8500006,7,0,0,0,0,0,0,0,0,0,0,0,0,0,0,0,0,0,659,0,0,0,0,0,0,0,0,0,0,0,0,0,0,0,0,0,0,0,0,0,0,0,0,0,0
COOK-:-8500008,31,COOK,8500008,7,0,0,0,0,0,0,0,0,0,0,0,0,0,0,0,0,0,599,0,0,0,0,0,0,0,0,0,0,0,0,0,0,0,0,0,0,0,0,0,0,0,0,0,0
COOK-:-8500009,31,COOK,8500009,7,0,0,0,0,0,0,0,0,0,0,0,0,0,0,0,0,0,716,0,0,0,0,0,0,0,0,0,0,0,0,0,0,0,0,0,0,0,0,0,0,0,0,0,0
COOK-:-8500010,31,COOK,8500010,7,0,0,0,0,0,0,0,0,0,0,0,0,0,0,0,0,0,577,0,0,0,0,0,0,0,0,0,0,0,0,0,0,0,0,0,0,0,0,0,0,0,0,0,0
COOK-:-8500011,31,COOK,8500011,7,0,0,0,0,0,0,0,0,0,0,0,0,0,0,0,0,0,498,0,0,0,0,0,0,0,0,0,0,0,0,0,0,0,0,0,0,0,0,0,0,0,0,0,0
COOK-:-8500012,31,COOK,8500012,7,0,0,0,0,0,0,0,0,0,0,0,0,0,0,0,0,0,295,0,0,0,0,0,0,0,0,0,0,0,0,0,0,0,0,0,0,0,0,0,0,0,0,0,0
COOK-:-8500013,31,COOK,8500013,7,0,0,0,0,0,0,0,0,0,0,0,0,0,0,0,0,0,513,0,0,0,0,0,0,0,0,0,0,0,0,0,0,0,0,0,0,0,0,0,0,0,0,0,0
COOK-:-8500014,31,COOK,8500014,7,0,0,0,0,0,0,0,0,0,0,0,0,0,0,0,0,0,566,0,0,0,0,0,0,0,0,0,0,0,0,0,0,0,0,0,0,0,0,0,0,0,0,0,0
COOK-:-8500015,31,COOK,8500015,7,0,0,0,0,0,0,0,0,0,0,0,0,0,0,0,0,0,650,2,0,0,0,0,0,0,0,0,0,0,0,0,0,0,0,0,0,0,0,0,0,0,0,0,0
COOK-:-8500016,31,COOK,8500016,7,0,0,0,0,0,0,0,0,0,0,0,0,0,0,0,0,0,827,0,0,0,0,0,0,0,0,0,0,0,0,0,0,0,0,0,0,0,0,0,0,0,0,0,0
COOK-:-8500017,31,COOK,8500017,7,0,0,0,0,0,0,0,0,0,0,0,0,0,0,0,0,0,828,0,0,0,0,0,0,0,0,0,0,0,0,0,0,0,0,0,0,0,0,0,0,0,0,0,0
COOK-:-8500018,31,COOK,8500018,7,0,0,0,0,0,0,0,0,0,0,0,0,0,0,0,0,0,512,0,0,0,0,0,0,0,0,0,0,0,0,0,0,0,0,0,0,0,0,0,0,0,0,0,0
COOK-:-8500019,31,COOK,8500019,7,0,0,0,0,0,0,0,0,0,0,0,0,0,0,0,0,0,652,0,0,0,0,0,0,0,0,0,0,0,0,0,0,0,0,0,0,0,0,0,0,0,0,0,0
COOK-:-8500020,31,COOK,8500020,7,0,0,0,0,0,0,0,0,0,0,0,0,0,0,0,0,0,845,0,0,0,0,0,0,0,0,0,0,0,0,0,0,0,0,0,0,0,0,0,0,0,0,0,0
COOK-:-8500022,31,COOK,8500022,7,0,0,0,0,0,0,0,0,0,0,0,0,0,0,0,0,0,688,1,0,0,0,0,0,0,0,0,0,0,0,0,0,0,0,0,0,0,0,0,0,0,0,0,0
COOK-:-8500023,31,COOK,8500023,7,0,0,0,0,0,0,0,0,0,0,0,0,0,0,0,0,0,531,1,0,0,0,0,0,0,0,0,0,0,0,0,0,0,0,0,0,0,0,0,0,0,0,0,0
COOK-:-8500024,31,COOK,8500024,7,0,0,0,0,0,0,0,0,0,0,0,0,0,0,0,0,0,401,1,0,0,0,0,0,0,0,0,0,0,0,0,0,0,0,0,0,0,0,0,0,0,0,0,0
COOK-:-8500025,31,COOK,8500025,7,0,0,0,0,0,0,0,0,0,0,0,0,0,0,0,0,0,562,0,0,0,0,0,0,0,0,0,0,0,0,0,0,0,0,0,0,0,0,0,0,0,0,0,0
COOK-:-8500026,31,COOK,8500026,7,0,0,0,0,0,0,0,0,0,0,0,0,0,0,0,0,0,741,1,0,0,0,0,0,0,0,0,0,0,0,0,0,0,0,0,0,0,0,0,0,0,0,0,0
COOK-:-8500027,31,COOK,8500027,7,0,0,0,0,0,0,0,0,0,0,0,0,0,0,0,0,0,888,0,0,0,0,0,0,0,0,0,0,0,0,0,0,0,0,0,0,0,0,0,0,0,0,0,0
COOK-:-8500028,31,COOK,8500028,7,0,0,0,0,0,0,0,0,0,0,0,0,0,0,0,0,0,743,1,0,0,0,0,0,0,0,0,0,0,0,0,0,0,0,0,0,0,0,0,0,0,0,0,0
COOK-:-8500029,31,COOK,8500029,7,0,0,0,0,0,0,0,0,0,0,0,0,0,0,0,0,0,544,0,0,0,0,0,0,0,0,0,0,0,0,0,0,0,0,0,0,0,0,0,0,0,0,0,0
COOK-:-8500031,31,COOK,8500031,7,0,0,0,0,0,0,0,0,0,0,0,0,0,0,0,0,0,890,1,0,0,0,0,0,0,0,0,0,0,0,0,0,0,0,0,0,0,0,0,0,0,0,0,0
COOK-:-8500032,31,COOK,8500032,7,0,0,0,0,0,0,0,0,0,0,0,0,0,0,0,0,0,655,0,0,0,0,0,0,0,0,0,0,0,0,0,0,0,0,0,0,0,0,0,0,0,0,0,0
COOK-:-8500034,31,COOK,8500034,7,0,0,0,0,0,0,0,0,0,0,0,0,0,0,0,0,0,425,0,0,0,0,0,0,0,0,0,0,0,0,0,0,0,0,0,0,0,0,0,0,0,0,0,0
COOK-:-8500035,31,COOK,8500035,7,0,0,0,0,0,0,0,0,0,0,0,0,0,0,0,0,0,707,0,0,0,0,0,0,0,0,0,0,0,0,0,0,0,0,0,0,0,0,0,0,0,0,0,0
COOK-:-8900001,31,COOK,8900001,7,0,0,0,0,0,0,0,0,0,0,0,0,0,0,0,0,0,261,0,0,0,0,0,0,0,0,0,0,0,0,0,0,0,0,0,0,0,0,0,0,0,0,0,0
COOK-:-8900003,31,COOK,8900003,7,0,0,0,0,0,0,0,0,0,0,0,0,0,0,0,0,0,385,1,0,0,0,0,0,0,0,0,0,0,0,0,0,0,0,0,0,0,0,0,0,0,0,0,0
COOK-:-8900004,31,COOK,8900004,7,0,0,0,0,0,0,0,0,0,0,0,0,0,0,0,0,0,373,1,0,0,0,0,0,0,0,0,0,0,0,0,0,0,0,0,0,0,0,0,0,0,0,0,0
COOK-:-8900006,31,COOK,8900006,7,0,0,0,0,0,0,0,0,0,0,0,0,0,0,0,0,0,499,1,0,0,0,0,0,0,0,0,0,0,0,0,0,0,0,0,0,0,0,0,0,0,0,0,0
COOK-:-8900008,31,COOK,8900008,7,0,0,0,0,0,0,0,0,0,0,0,0,0,0,0,0,0,376,0,0,0,0,0,0,0,0,0,0,0,0,0,0,0,0,0,0,0,0,0,0,0,0,0,0
COOK-:-8900009,31,COOK,8900009,7,0,0,0,0,0,0,0,0,0,0,0,0,0,0,0,0,0,328,0,0,0,0,0,0,0,0,0,0,0,0,0,0,0,0,0,0,0,0,0,0,0,0,0,0
COOK-:-8900018,31,COOK,8900018,7,0,0,0,0,0,0,0,0,0,0,0,0,0,0,0,0,0,469,0,0,0,0,0,0,0,0,0,0,0,0,0,0,0,0,0,0,0,0,0,0,0,0,0,0
COOK-:-8900019,31,COOK,8900019,7,0,0,0,0,0,0,0,0,0,0,0,0,0,0,0,0,0,475,0,0,0,0,0,0,0,0,0,0,0,0,0,0,0,0,0,0,0,0,0,0,0,0,0,0
COOK-:-8900022,31,COOK,8900022,7,0,0,0,0,0,0,0,0,0,0,0,0,0,0,0,0,0,266,0,0,0,0,0,0,0,0,0,0,0,0,0,0,0,0,0,0,0,0,0,0,0,0,0,0
COOK-:-8900028,31,COOK,8900028,7,0,0,0,0,0,0,0,0,0,0,0,0,0,0,0,0,0,422,0,0,0,0,0,0,0,0,0,0,0,0,0,0,0,0,0,0,0,0,0,0,0,0,0,0
COOK-:-8900031,31,COOK,8900031,7,0,0,0,0,0,0,0,0,0,0,0,0,0,0,0,0,0,213,0,0,0,0,0,0,0,0,0,0,0,0,0,0,0,0,0,0,0,0,0,0,0,0,0,0
COOK-:-8900033,31,COOK,8900033,7,0,0,0,0,0,0,0,0,0,0,0,0,0,0,0,0,0,448,0,0,0,0,0,0,0,0,0,0,0,0,0,0,0,0,0,0,0,0,0,0,0,0,0,0
COOK-:-8900034,31,COOK,8900034,7,0,0,0,0,0,0,0,0,0,0,0,0,0,0,0,0,0,633,1,0,0,0,0,0,0,0,0,0,0,0,0,0,0,0,0,0,0,0,0,0,0,0,0,0
COOK-:-8900035,31,COOK,8900035,7,0,0,0,0,0,0,0,0,0,0,0,0,0,0,0,0,0,453,0,0,0,0,0,0,0,0,0,0,0,0,0,0,0,0,0,0,0,0,0,0,0,0,0,0
COOK-:-8900036,31,COOK,8900036,7,0,0,0,0,0,0,0,0,0,0,0,0,0,0,0,0,0,441,0,0,0,0,0,0,0,0,0,0,0,0,0,0,0,0,0,0,0,0,0,0,0,0,0,0
COOK-:-8900037,31,COOK,8900037,7,0,0,0,0,0,0,0,0,0,0,0,0,0,0,0,0,0,238,0,0,0,0,0,0,0,0,0,0,0,0,0,0,0,0,0,0,0,0,0,0,0,0,0,0
COOK-:-8900038,31,COOK,8900038,7,0,0,0,0,0,0,0,0,0,0,0,0,0,0,0,0,0,352,0,0,0,0,0,0,0,0,0,0,0,0,0,0,0,0,0,0,0,0,0,0,0,0,0,0
COOK-:-8900039,31,COOK,8900039,7,0,0,0,0,0,0,0,0,0,0,0,0,0,0,0,0,0,492,2,0,0,0,0,0,0,0,0,0,0,0,0,0,0,0,0,0,0,0,0,0,0,0,0,0
COOK-:-8900040,31,COOK,8900040,7,0,0,0,0,0,0,0,0,0,0,0,0,0,0,0,0,0,604,0,0,0,0,0,0,0,0,0,0,0,0,0,0,0,0,0,0,0,0,0,0,0,0,0,0
COOK-:-8900041,31,COOK,8900041,7,0,0,0,0,0,0,0,0,0,0,0,0,0,0,0,0,0,267,1,0,0,0,0,0,0,0,0,0,0,0,0,0,0,0,0,0,0,0,0,0,0,0,0,0
COOK-:-8900043,31,COOK,8900043,7,0,0,0,0,0,0,0,0,0,0,0,0,0,0,0,0,0,230,0,0,0,0,0,0,0,0,0,0,0,0,0,0,0,0,0,0,0,0,0,0,0,0,0,0
COOK-:-8900044,31,COOK,8900044,7,0,0,0,0,0,0,0,0,0,0,0,0,0,0,0,0,0,375,0,0,0,0,0,0,0,0,0,0,0,0,0,0,0,0,0,0,0,0,0,0,0,0,0,0
COOK-:-8900045,31,COOK,8900045,7,0,0,0,0,0,0,0,0,0,0,0,0,0,0,0,0,0,435,0,0,0,0,0,0,0,0,0,0,0,0,0,0,0,0,0,0,0,0,0,0,0,0,0,0
COOK-:-8900047,31,COOK,8900047,7,0,0,0,0,0,0,0,0,0,0,0,0,0,0,0,0,0,331,0,0,0,0,0,0,0,0,0,0,0,0,0,0,0,0,0,0,0,0,0,0,0,0,0,0
COOK-:-8900048,31,COOK,8900048,7,0,0,0,0,0,0,0,0,0,0,0,0,0,0,0,0,0,426,0,0,0,0,0,0,0,0,0,0,0,0,0,0,0,0,0,0,0,0,0,0,0,0,0,0
COOK-:-8900049,31,COOK,8900049,7,0,0,0,0,0,0,0,0,0,0,0,0,0,0,0,0,0,245,0,0,0,0,0,0,0,0,0,0,0,0,0,0,0,0,0,0,0,0,0,0,0,0,0,0
COOK-:-8900050,31,COOK,8900050,7,0,0,0,0,0,0,0,0,0,0,0,0,0,0,0,0,0,535,0,0,0,0,0,0,0,0,0,0,0,0,0,0,0,0,0,0,0,0,0,0,0,0,0,0
COOK-:-8900051,31,COOK,8900051,7,0,0,0,0,0,0,0,0,0,0,0,0,0,0,0,0,0,424,0,0,0,0,0,0,0,0,0,0,0,0,0,0,0,0,0,0,0,0,0,0,0,0,0,0
COOK-:-8900052,31,COOK,8900052,7,0,0,0,0,0,0,0,0,0,0,0,0,0,0,0,0,0,241,0,0,0,0,0,0,0,0,0,0,0,0,0,0,0,0,0,0,0,0,0,0,0,0,0,0
COOK-:-8900053,31,COOK,8900053,7,0,0,0,0,0,0,0,0,0,0,0,0,0,0,0,0,0,300,0,0,0,0,0,0,0,0,0,0,0,0,0,0,0,0,0,0,0,0,0,0,0,0,0,0
COOK-:-8900056,31,COOK,8900056,7,0,0,0,0,0,0,0,0,0,0,0,0,0,0,0,0,0,347,0,0,0,0,0,0,0,0,0,0,0,0,0,0,0,0,0,0,0,0,0,0,0,0,0,0
COOK-:-8900057,31,COOK,8900057,7,0,0,0,0,0,0,0,0,0,0,0,0,0,0,0,0,0,325,0,0,0,0,0,0,0,0,0,0,0,0,0,0,0,0,0,0,0,0,0,0,0,0,0,0
COOK-:-8900059,31,COOK,8900059,7,0,0,0,0,0,0,0,0,0,0,0,0,0,0,0,0,0,306,0,0,0,0,0,0,0,0,0,0,0,0,0,0,0,0,0,0,0,0,0,0,0,0,0,0
COOK-:-8900060,31,COOK,8900060,7,0,0,0,0,0,0,0,0,0,0,0,0,0,0,0,0,0,276,0,0,0,0,0,0,0,0,0,0,0,0,0,0,0,0,0,0,0,0,0,0,0,0,0,0
COOK-:-8900061,31,COOK,8900061,7,0,0,0,0,0,0,0,0,0,0,0,0,0,0,0,0,0,448,1,0,0,0,0,0,0,0,0,0,0,0,0,0,0,0,0,0,0,0,0,0,0,0,0,0
COOK-:-8900062,31,COOK,8900062,7,0,0,0,0,0,0,0,0,0,0,0,0,0,0,0,0,0,537,0,0,0,0,0,0,0,0,0,0,0,0,0,0,0,0,0,0,0,0,0,0,0,0,0,0
COOK-:-8900064,31,COOK,8900064,7,0,0,0,0,0,0,0,0,0,0,0,0,0,0,0,0,0,333,0,0,0,0,0,0,0,0,0,0,0,0,0,0,0,0,0,0,0,0,0,0,0,0,0,0
COOK-:-8900065,31,COOK,8900065,7,0,0,0,0,0,0,0,0,0,0,0,0,0,0,0,0,0,327,0,0,0,0,0,0,0,0,0,0,0,0,0,0,0,0,0,0,0,0,0,0,0,0,0,0
COOK-:-8900066,31,COOK,8900066,7,0,0,0,0,0,0,0,0,0,0,0,0,0,0,0,0,0,577,0,0,0,0,0,0,0,0,0,0,0,0,0,0,0,0,0,0,0,0,0,0,0,0,0,0
COOK-:-8900067,31,COOK,8900067,7,0,0,0,0,0,0,0,0,0,0,0,0,0,0,0,0,0,620,2,0,0,0,0,0,0,0,0,0,0,0,0,0,0,0,0,0,0,0,0,0,0,0,0,0
COOK-:-8900068,31,COOK,8900068,7,0,0,0,0,0,0,0,0,0,0,0,0,0,0,0,0,0,261,0,0,0,0,0,0,0,0,0,0,0,0,0,0,0,0,0,0,0,0,0,0,0,0,0,0
COOK-:-8900070,31,COOK,8900070,7,0,0,0,0,0,0,0,0,0,0,0,0,0,0,0,0,0,378,0,0,0,0,0,0,0,0,0,0,0,0,0,0,0,0,0,0,0,0,0,0,0,0,0,0
COOK-:-8900072,31,COOK,8900072,7,0,0,0,0,0,0,0,0,0,0,0,0,0,0,0,0,0,364,0,0,0,0,0,0,0,0,0,0,0,0,0,0,0,0,0,0,0,0,0,0,0,0,0,0
COOK-:-8900073,31,COOK,8900073,7,0,0,0,0,0,0,0,0,0,0,0,0,0,0,0,0,0,601,1,0,0,0,0,0,0,0,0,0,0,0,0,0,0,0,0,0,0,0,0,0,0,0,0,0
COOK-:-8900076,31,COOK,8900076,7,0,0,0,0,0,0,0,0,0,0,0,0,0,0,0,0,0,454,0,0,0,0,0,0,0,0,0,0,0,0,0,0,0,0,0,0,0,0,0,0,0,0,0,0
COOK-:-8900079,31,COOK,8900079,7,0,0,0,0,0,0,0,0,0,0,0,0,0,0,0,0,0,320,0,0,0,0,0,0,0,0,0,0,0,0,0,0,0,0,0,0,0,0,0,0,0,0,0,0
COOK-:-8900081,31,COOK,8900081,7,0,0,0,0,0,0,0,0,0,0,0,0,0,0,0,0,0,277,0,0,0,0,0,0,0,0,0,0,0,0,0,0,0,0,0,0,0,0,0,0,0,0,0,0
COOK-:-8900082,31,COOK,8900082,7,0,0,0,0,0,0,0,0,0,0,0,0,0,0,0,0,0,524,0,0,0,0,0,0,0,0,0,0,0,0,0,0,0,0,0,0,0,0,0,0,0,0,0,0
COOK-:-8900083,31,COOK,8900083,7,0,0,0,0,0,0,0,0,0,0,0,0,0,0,0,0,0,611,0,0,0,0,0,0,0,0,0,0,0,0,0,0,0,0,0,0,0,0,0,0,0,0,0,0
COOK-:-8900084,31,COOK,8900084,7,0,0,0,0,0,0,0,0,0,0,0,0,0,0,0,0,0,269,3,0,0,0,0,0,0,0,0,0,0,0,0,0,0,0,0,0,0,0,0,0,0,0,0,0
COOK-:-8900085,31,COOK,8900085,7,0,0,0,0,0,0,0,0,0,0,0,0,0,0,0,0,0,435,0,0,0,0,0,0,0,0,0,0,0,0,0,0,0,0,0,0,0,0,0,0,0,0,0,0
COOK-:-8900086,31,COOK,8900086,7,0,0,0,0,0,0,0,0,0,0,0,0,0,0,0,0,0,532,0,0,0,0,0,0,0,0,0,0,0,0,0,0,0,0,0,0,0,0,0,0,0,0,0,0
COOK-:-8900091,31,COOK,8900091,7,0,0,0,0,0,0,0,0,0,0,0,0,0,0,0,0,0,266,0,0,0,0,0,0,0,0,0,0,0,0,0,0,0,0,0,0,0,0,0,0,0,0,0,0
COOK-:-8900092,31,COOK,8900092,7,0,0,0,0,0,0,0,0,0,0,0,0,0,0,0,0,0,493,0,0,0,0,0,0,0,0,0,0,0,0,0,0,0,0,0,0,0,0,0,0,0,0,0,0
COOK-:-8900093,31,COOK,8900093,7,0,0,0,0,0,0,0,0,0,0,0,0,0,0,0,0,0,278,1,0,0,0,0,0,0,0,0,0,0,0,0,0,0,0,0,0,0,0,0,0,0,0,0,0
COOK-:-8900094,31,COOK,8900094,7,0,0,0,0,0,0,0,0,0,0,0,0,0,0,0,0,0,312,0,0,0,0,0,0,0,0,0,0,0,0,0,0,0,0,0,0,0,0,0,0,0,0,0,0
COOK-:-8900097,31,COOK,8900097,7,0,0,0,0,0,0,0,0,0,0,0,0,0,0,0,0,0,538,3,0,0,0,0,0,0,0,0,0,0,0,0,0,0,0,0,0,0,0,0,0,0,0,0,0
COOK-:-8900099,31,COOK,8900099,7,0,0,0,0,0,0,0,0,0,0,0,0,0,0,0,0,0,481,0,0,0,0,0,0,0,0,0,0,0,0,0,0,0,0,0,0,0,0,0,0,0,0,0,0
COOK-:-8900101,31,COOK,8900101,7,0,0,0,0,0,0,0,0,0,0,0,0,0,0,0,0,0,329,1,0,0,0,0,0,0,0,0,0,0,0,0,0,0,0,0,0,0,0,0,0,0,0,0,0
COOK-:-8900102,31,COOK,8900102,7,0,0,0,0,0,0,0,0,0,0,0,0,0,0,0,0,0,449,0,0,0,0,0,0,0,0,0,0,0,0,0,0,0,0,0,0,0,0,0,0,0,0,0,0
COOK-:-9100001,31,COOK,9100001,7,0,0,0,0,0,0,0,0,0,0,0,0,0,0,0,0,0,584,0,0,0,0,0,0,0,0,0,0,0,0,0,0,0,0,0,0,0,0,0,0,0,0,0,0
COOK-:-9100002,31,COOK,9100002,7,0,0,0,0,0,0,0,0,0,0,0,0,0,0,0,0,0,747,0,0,0,0,0,0,0,0,0,0,0,0,0,0,0,0,0,0,0,0,0,0,0,0,0,0
COOK-:-9100003,31,COOK,9100003,7,0,0,0,0,0,0,0,0,0,0,0,0,0,0,0,0,0,414,0,0,0,0,0,0,0,0,0,0,0,0,0,0,0,0,0,0,0,0,0,0,0,0,0,0
COOK-:-9100004,31,COOK,9100004,7,0,0,0,0,0,0,0,0,0,0,0,0,0,0,0,0,0,515,0,0,0,0,0,0,0,0,0,0,0,0,0,0,0,0,0,0,0,0,0,0,0,0,0,0
COOK-:-9100006,31,COOK,9100006,7,0,0,0,0,0,0,0,0,0,0,0,0,0,0,0,0,0,306,1,0,0,0,0,0,0,0,0,0,0,0,0,0,0,0,0,0,0,0,0,0,0,0,0,0
COOK-:-9100007,31,COOK,9100007,7,0,0,0,0,0,0,0,0,0,0,0,0,0,0,0,0,0,470,0,0,0,0,0,0,0,0,0,0,0,0,0,0,0,0,0,0,0,0,0,0,0,0,0,0
COOK-:-9100008,31,COOK,9100008,7,0,0,0,0,0,0,0,0,0,0,0,0,0,0,0,0,0,647,0,0,0,0,0,0,0,0,0,0,0,0,0,0,0,0,0,0,0,0,0,0,0,0,0,0
COOK-:-WARD 01 PRECINCT 12,31,COOK,WARD 01 PRECINCT 12,7,0,0,0,0,0,0,0,0,0,0,0,0,0,0,0,0,0,361,0,0,0,0,0,0,0,0,0,0,0,0,0,0,0,0,0,0,0,0,0,0,0,0,0,0
COOK-:-WARD 01 PRECINCT 13,31,COOK,WARD 01 PRECINCT 13,7,0,0,0,0,0,0,0,0,0,0,0,0,0,0,0,0,0,540,0,0,0,0,0,0,0,0,0,0,0,0,0,0,0,0,0,0,0,0,0,0,0,0,0,0
COOK-:-WARD 01 PRECINCT 14,31,COOK,WARD 01 PRECINCT 14,7,0,0,0,0,0,0,0,0,0,0,0,0,0,0,0,0,0,473,0,0,0,0,0,0,0,0,0,0,0,0,0,0,0,0,0,0,0,0,0,0,0,0,0,0
COOK-:-WARD 01 PRECINCT 15,31,COOK,WARD 01 PRECINCT 15,7,0,0,0,0,0,0,0,0,0,0,0,0,0,0,0,0,0,811,1,0,0,0,0,0,0,0,0,0,0,0,0,0,0,0,0,0,0,0,0,0,0,0,0,0
COOK-:-WARD 01 PRECINCT 16,31,COOK,WARD 01 PRECINCT 16,7,0,0,0,0,0,0,0,0,0,0,0,0,0,0,0,0,0,820,0,0,0,0,0,0,0,0,0,0,0,0,0,0,0,0,0,0,0,0,0,0,0,0,0,0
COOK-:-WARD 01 PRECINCT 22,31,COOK,WARD 01 PRECINCT 22,7,0,0,0,0,0,0,0,0,0,0,0,0,0,0,0,0,0,912,0,0,0,0,0,0,0,0,0,0,0,0,0,0,0,0,0,0,0,0,0,0,0,0,0,0
COOK-:-WARD 01 PRECINCT 23,31,COOK,WARD 01 PRECINCT 23,7,0,0,0,0,0,0,0,0,0,0,0,0,0,0,0,0,0,436,0,0,0,0,0,0,0,0,0,0,0,0,0,0,0,0,0,0,0,0,0,0,0,0,0,0
COOK-:-WARD 01 PRECINCT 24,31,COOK,WARD 01 PRECINCT 24,7,0,0,0,0,0,0,0,0,0,0,0,0,0,0,0,0,0,937,0,0,0,0,0,0,0,0,0,0,0,0,0,0,0,0,0,0,0,0,0,0,0,0,0,0
COOK-:-WARD 01 PRECINCT 25,31,COOK,WARD 01 PRECINCT 25,7,0,0,0,0,0,0,0,0,0,0,0,0,0,0,0,0,0,848,0,0,0,0,0,0,0,0,0,0,0,0,0,0,0,0,0,0,0,0,0,0,0,0,0,0
COOK-:-WARD 01 PRECINCT 26,31,COOK,WARD 01 PRECINCT 26,7,0,0,0,0,0,0,0,0,0,0,0,0,0,0,0,0,0,768,1,0,0,0,0,0,0,0,0,0,0,0,0,0,0,0,0,0,0,0,0,0,0,0,0,0
COOK-:-WARD 02 PRECINCT 01,31,COOK,WARD 02 PRECINCT 01,7,0,0,0,0,0,0,0,0,0,0,0,0,0,0,0,0,0,677,1,0,0,0,0,0,0,0,0,0,0,0,0,0,0,0,0,0,0,0,0,0,0,0,0,0
COOK-:-WARD 02 PRECINCT 02,31,COOK,WARD 02 PRECINCT 02,7,0,0,0,0,0,0,0,0,0,0,0,0,0,0,0,0,0,853,2,0,0,0,0,0,0,0,0,0,0,0,0,0,0,0,0,0,0,0,0,0,0,0,0,0
COOK-:-WARD 02 PRECINCT 03,31,COOK,WARD 02 PRECINCT 03,7,0,0,0,0,0,0,0,0,0,0,0,0,0,0,0,0,0,545,0,0,0,0,0,0,0,0,0,0,0,0,0,0,0,0,0,0,0,0,0,0,0,0,0,0
COOK-:-WARD 02 PRECINCT 04,31,COOK,WARD 02 PRECINCT 04,7,0,0,0,0,0,0,0,0,0,0,0,0,0,0,0,0,0,582,1,0,0,0,0,0,0,0,0,0,0,0,0,0,0,0,0,0,0,0,0,0,0,0,0,0
COOK-:-WARD 02 PRECINCT 10,31,COOK,WARD 02 PRECINCT 10,7,0,0,0,0,0,0,0,0,0,0,0,0,0,0,0,0,0,378,1,0,0,0,0,0,0,0,0,0,0,0,0,0,0,0,0,0,0,0,0,0,0,0,0,0
COOK-:-WARD 02 PRECINCT 11,31,COOK,WARD 02 PRECINCT 11,7,0,0,0,0,0,0,0,0,0,0,0,0,0,0,0,0,0,625,0,0,0,0,0,0,0,0,0,0,0,0,0,0,0,0,0,0,0,0,0,0,0,0,0,0
COOK-:-WARD 02 PRECINCT 18,31,COOK,WARD 02 PRECINCT 18,7,0,0,0,0,0,0,0,0,0,0,0,0,0,0,0,0,0,617,0,0,0,0,0,0,0,0,0,0,0,0,0,0,0,0,0,0,0,0,0,0,0,0,0,0
COOK-:-WARD 02 PRECINCT 21,31,COOK,WARD 02 PRECINCT 21,7,0,0,0,0,0,0,0,0,0,0,0,0,0,0,0,0,0,131,0,0,0,0,0,0,0,0,0,0,0,0,0,0,0,0,0,0,0,0,0,0,0,0,0,0
COOK-:-WARD 02 PRECINCT 22,31,COOK,WARD 02 PRECINCT 22,7,0,0,0,0,0,0,0,0,0,0,0,0,0,0,0,0,0,529,3,0,0,0,0,0,0,0,0,0,0,0,0,0,0,0,0,0,0,0,0,0,0,0,0,0
COOK-:-WARD 03 PRECINCT 01,31,COOK,WARD 03 PRECINCT 01,7,0,0,0,0,0,0,0,0,0,0,0,0,0,0,0,0,0,668,0,0,0,0,0,0,0,0,0,0,0,0,0,0,0,0,0,0,0,0,0,0,0,0,0,0
COOK-:-WARD 03 PRECINCT 03,31,COOK,WARD 03 PRECINCT 03,7,0,0,0,0,0,0,0,0,0,0,0,0,0,0,0,0,0,450,1,0,0,0,0,0,0,0,0,0,0,0,0,0,0,0,0,0,0,0,0,0,0,0,0,0
COOK-:-WARD 03 PRECINCT 05,31,COOK,WARD 03 PRECINCT 05,7,0,0,0,0,0,0,0,0,0,0,0,0,0,0,0,0,0,122,0,0,0,0,0,0,0,0,0,0,0,0,0,0,0,0,0,0,0,0,0,0,0,0,0,0
COOK-:-WARD 03 PRECINCT 06,31,COOK,WARD 03 PRECINCT 06,7,0,0,0,0,0,0,0,0,0,0,0,0,0,0,0,0,0,668,0,0,0,0,0,0,0,0,0,0,0,0,0,0,0,0,0,0,0,0,0,0,0,0,0,0
COOK-:-WARD 03 PRECINCT 08,31,COOK,WARD 03 PRECINCT 08,7,0,0,0,0,0,0,0,0,0,0,0,0,0,0,0,0,0,521,0,0,0,0,0,0,0,0,0,0,0,0,0,0,0,0,0,0,0,0,0,0,0,0,0,0
COOK-:-WARD 03 PRECINCT 09,31,COOK,WARD 03 PRECINCT 09,7,0,0,0,0,0,0,0,0,0,0,0,0,0,0,0,0,0,402,0,0,0,0,0,0,0,0,0,0,0,0,0,0,0,0,0,0,0,0,0,0,0,0,0,0
COOK-:-WARD 03 PRECINCT 10,31,COOK,WARD 03 PRECINCT 10,7,0,0,0,0,0,0,0,0,0,0,0,0,0,0,0,0,0,423,4,0,0,0,0,0,0,0,0,0,0,0,0,0,0,0,0,0,0,0,0,0,0,0,0,0
COOK-:-WARD 03 PRECINCT 11,31,COOK,WARD 03 PRECINCT 11,7,0,0,0,0,0,0,0,0,0,0,0,0,0,0,0,0,0,716,0,0,0,0,0,0,0,0,0,0,0,0,0,0,0,0,0,0,0,0,0,0,0,0,0,0
COOK-:-WARD 03 PRECINCT 12,31,COOK,WARD 03 PRECINCT 12,7,0,0,0,0,0,0,0,0,0,0,0,0,0,0,0,0,0,678,0,0,0,0,0,0,0,0,0,0,0,0,0,0,0,0,0,0,0,0,0,0,0,0,0,0
COOK-:-WARD 03 PRECINCT 13,31,COOK,WARD 03 PRECINCT 13,7,0,0,0,0,0,0,0,0,0,0,0,0,0,0,0,0,0,770,0,0,0,0,0,0,0,0,0,0,0,0,0,0,0,0,0,0,0,0,0,0,0,0,0,0
COOK-:-WARD 03 PRECINCT 14,31,COOK,WARD 03 PRECINCT 14,7,0,0,0,0,0,0,0,0,0,0,0,0,0,0,0,0,0,823,1,0,0,0,0,0,0,0,0,0,0,0,0,0,0,0,0,0,0,0,0,0,0,0,0,0
COOK-:-WARD 03 PRECINCT 15,31,COOK,WARD 03 PRECINCT 15,7,0,0,0,0,0,0,0,0,0,0,0,0,0,0,0,0,0,554,1,0,0,0,0,0,0,0,0,0,0,0,0,0,0,0,0,0,0,0,0,0,0,0,0,0
COOK-:-WARD 03 PRECINCT 16,31,COOK,WARD 03 PRECINCT 16,7,0,0,0,0,0,0,0,0,0,0,0,0,0,0,0,0,0,350,0,0,0,0,0,0,0,0,0,0,0,0,0,0,0,0,0,0,0,0,0,0,0,0,0,0
COOK-:-WARD 03 PRECINCT 17,31,COOK,WARD 03 PRECINCT 17,7,0,0,0,0,0,0,0,0,0,0,0,0,0,0,0,0,0,195,0,0,0,0,0,0,0,0,0,0,0,0,0,0,0,0,0,0,0,0,0,0,0,0,0,0
COOK-:-WARD 03 PRECINCT 18,31,COOK,WARD 03 PRECINCT 18,7,0,0,0,0,0,0,0,0,0,0,0,0,0,0,0,0,0,236,0,0,0,0,0,0,0,0,0,0,0,0,0,0,0,0,0,0,0,0,0,0,0,0,0,0
COOK-:-WARD 03 PRECINCT 21,31,COOK,WARD 03 PRECINCT 21,7,0,0,0,0,0,0,0,0,0,0,0,0,0,0,0,0,0,571,0,0,0,0,0,0,0,0,0,0,0,0,0,0,0,0,0,0,0,0,0,0,0,0,0,0
COOK-:-WARD 03 PRECINCT 24,31,COOK,WARD 03 PRECINCT 24,7,0,0,0,0,0,0,0,0,0,0,0,0,0,0,0,0,0,131,0,0,0,0,0,0,0,0,0,0,0,0,0,0,0,0,0,0,0,0,0,0,0,0,0,0
COOK-:-WARD 03 PRECINCT 25,31,COOK,WARD 03 PRECINCT 25,7,0,0,0,0,0,0,0,0,0,0,0,0,0,0,0,0,0,809,0,0,0,0,0,0,0,0,0,0,0,0,0,0,0,0,0,0,0,0,0,0,0,0,0,0
COOK-:-WARD 04 PRECINCT 25,31,COOK,WARD 04 PRECINCT 25,7,0,0,0,0,0,0,0,0,0,0,0,0,0,0,0,0,0,863,0,0,0,0,0,0,0,0,0,0,0,0,0,0,0,0,0,0,0,0,0,0,0,0,0,0
COOK-:-WARD 04 PRECINCT 26,31,COOK,WARD 04 PRECINCT 26,7,0,0,0,0,0,0,0,0,0,0,0,0,0,0,0,0,0,747,2,0,0,0,0,0,0,0,0,0,0,0,0,0,0,0,0,0,0,0,0,0,0,0,0,0
COOK-:-WARD 04 PRECINCT 27,31,COOK,WARD 04 PRECINCT 27,7,0,0,0,0,0,0,0,0,0,0,0,0,0,0,0,0,0,822,0,0,0,0,0,0,0,0,0,0,0,0,0,0,0,0,0,0,0,0,0,0,0,0,0,0
COOK-:-WARD 04 PRECINCT 28,31,COOK,WARD 04 PRECINCT 28,7,0,0,0,0,0,0,0,0,0,0,0,0,0,0,0,0,0,870,0,0,0,0,0,0,0,0,0,0,0,0,0,0,0,0,0,0,0,0,0,0,0,0,0,0
COOK-:-WARD 11 PRECINCT 01,31,COOK,WARD 11 PRECINCT 01,7,0,0,0,0,0,0,0,0,0,0,0,0,0,0,0,0,0,175,1,0,0,0,0,0,0,0,0,0,0,0,0,0,0,0,0,0,0,0,0,0,0,0,0,0
COOK-:-WARD 11 PRECINCT 02,31,COOK,WARD 11 PRECINCT 02,7,0,0,0,0,0,0,0,0,0,0,0,0,0,0,0,0,0,79,0,0,0,0,0,0,0,0,0,0,0,0,0,0,0,0,0,0,0,0,0,0,0,0,0,0
COOK-:-WARD 11 PRECINCT 03,31,COOK,WARD 11 PRECINCT 03,7,0,0,0,0,0,0,0,0,0,0,0,0,0,0,0,0,0,454,0,0,0,0,0,0,0,0,0,0,0,0,0,0,0,0,0,0,0,0,0,0,0,0,0,0
COOK-:-WARD 11 PRECINCT 07,31,COOK,WARD 11 PRECINCT 07,7,0,0,0,0,0,0,0,0,0,0,0,0,0,0,0,0,0,261,0,0,0,0,0,0,0,0,0,0,0,0,0,0,0,0,0,0,0,0,0,0,0,0,0,0
COOK-:-WARD 11 PRECINCT 08,31,COOK,WARD 11 PRECINCT 08,7,0,0,0,0,0,0,0,0,0,0,0,0,0,0,0,0,0,374,0,0,0,0,0,0,0,0,0,0,0,0,0,0,0,0,0,0,0,0,0,0,0,0,0,0
COOK-:-WARD 11 PRECINCT 09,31,COOK,WARD 11 PRECINCT 09,7,0,0,0,0,0,0,0,0,0,0,0,0,0,0,0,0,0,397,0,0,0,0,0,0,0,0,0,0,0,0,0,0,0,0,0,0,0,0,0,0,0,0,0,0
COOK-:-WARD 11 PRECINCT 10,31,COOK,WARD 11 PRECINCT 10,7,0,0,0,0,0,0,0,0,0,0,0,0,0,0,0,0,0,71,0,0,0,0,0,0,0,0,0,0,0,0,0,0,0,0,0,0,0,0,0,0,0,0,0,0
COOK-:-WARD 11 PRECINCT 11,31,COOK,WARD 11 PRECINCT 11,7,0,0,0,0,0,0,0,0,0,0,0,0,0,0,0,0,0,73,0,0,0,0,0,0,0,0,0,0,0,0,0,0,0,0,0,0,0,0,0,0,0,0,0,0
COOK-:-WARD 11 PRECINCT 12,31,COOK,WARD 11 PRECINCT 12,7,0,0,0,0,0,0,0,0,0,0,0,0,0,0,0,0,0,135,0,0,0,0,0,0,0,0,0,0,0,0,0,0,0,0,0,0,0,0,0,0,0,0,0,0
COOK-:-WARD 11 PRECINCT 13,31,COOK,WARD 11 PRECINCT 13,7,0,0,0,0,0,0,0,0,0,0,0,0,0,0,0,0,0,357,0,0,0,0,0,0,0,0,0,0,0,0,0,0,0,0,0,0,0,0,0,0,0,0,0,0
COOK-:-WARD 11 PRECINCT 14,31,COOK,WARD 11 PRECINCT 14,7,0,0,0,0,0,0,0,0,0,0,0,0,0,0,0,0,0,660,0,0,0,0,0,0,0,0,0,0,0,0,0,0,0,0,0,0,0,0,0,0,0,0,0,0
COOK-:-WARD 11 PRECINCT 21,31,COOK,WARD 11 PRECINCT 21,7,0,0,0,0,0,0,0,0,0,0,0,0,0,0,0,0,0,556,0,0,0,0,0,0,0,0,0,0,0,0,0,0,0,0,0,0,0,0,0,0,0,0,0,0
COOK-:-WARD 11 PRECINCT 22,31,COOK,WARD 11 PRECINCT 22,7,0,0,0,0,0,0,0,0,0,0,0,0,0,0,0,0,0,367,0,0,0,0,0,0,0,0,0,0,0,0,0,0,0,0,0,0,0,0,0,0,0,0,0,0
COOK-:-WARD 11 PRECINCT 23,31,COOK,WARD 11 PRECINCT 23,7,0,0,0,0,0,0,0,0,0,0,0,0,0,0,0,0,0,399,0,0,0,0,0,0,0,0,0,0,0,0,0,0,0,0,0,0,0,0,0,0,0,0,0,0
COOK-:-WARD 15 PRECINCT 01,31,COOK,WARD 15 PRECINCT 01,7,0,0,0,0,0,0,0,0,0,0,0,0,0,0,0,0,0,189,0,0,0,0,0,0,0,0,0,0,0,0,0,0,0,0,0,0,0,0,0,0,0,0,0,0
COOK-:-WARD 15 PRECINCT 02,31,COOK,WARD 15 PRECINCT 02,7,0,0,0,0,0,0,0,0,0,0,0,0,0,0,0,0,0,269,0,0,0,0,0,0,0,0,0,0,0,0,0,0,0,0,0,0,0,0,0,0,0,0,0,0
COOK-:-WARD 15 PRECINCT 03,31,COOK,WARD 15 PRECINCT 03,7,0,0,0,0,0,0,0,0,0,0,0,0,0,0,0,0,0,116,0,0,0,0,0,0,0,0,0,0,0,0,0,0,0,0,0,0,0,0,0,0,0,0,0,0
COOK-:-WARD 15 PRECINCT 15,31,COOK,WARD 15 PRECINCT 15,7,0,0,0,0,0,0,0,0,0,0,0,0,0,0,0,0,0,200,0,0,0,0,0,0,0,0,0,0,0,0,0,0,0,0,0,0,0,0,0,0,0,0,0,0
COOK-:-WARD 15 PRECINCT 16,31,COOK,WARD 15 PRECINCT 16,7,0,0,0,0,0,0,0,0,0,0,0,0,0,0,0,0,0,335,0,0,0,0,0,0,0,0,0,0,0,0,0,0,0,0,0,0,0,0,0,0,0,0,0,0
COOK-:-WARD 15 PRECINCT 17,31,COOK,WARD 15 PRECINCT 17,7,0,0,0,0,0,0,0,0,0,0,0,0,0,0,0,0,0,408,0,0,0,0,0,0,0,0,0,0,0,0,0,0,0,0,0,0,0,0,0,0,0,0,0,0
COOK-:-WARD 15 PRECINCT 18,31,COOK,WARD 15 PRECINCT 18,7,0,0,0,0,0,0,0,0,0,0,0,0,0,0,0,0,0,307,0,0,0,0,0,0,0,0,0,0,0,0,0,0,0,0,0,0,0,0,0,0,0,0,0,0
COOK-:-WARD 15 PRECINCT 19,31,COOK,WARD 15 PRECINCT 19,7,0,0,0,0,0,0,0,0,0,0,0,0,0,0,0,0,0,176,0,0,0,0,0,0,0,0,0,0,0,0,0,0,0,0,0,0,0,0,0,0,0,0,0,0
COOK-:-WARD 16 PRECINCT 01,31,COOK,WARD 16 PRECINCT 01,7,0,0,0,0,0,0,0,0,0,0,0,0,0,0,0,0,0,351,0,0,0,0,0,0,0,0,0,0,0,0,0,0,0,0,0,0,0,0,0,0,0,0,0,0
COOK-:-WARD 16 PRECINCT 02,31,COOK,WARD 16 PRECINCT 02,7,0,0,0,0,0,0,0,0,0,0,0,0,0,0,0,0,0,225,0,0,0,0,0,0,0,0,0,0,0,0,0,0,0,0,0,0,0,0,0,0,0,0,0,0
COOK-:-WARD 16 PRECINCT 03,31,COOK,WARD 16 PRECINCT 03,7,0,0,0,0,0,0,0,0,0,0,0,0,0,0,0,0,0,285,0,0,0,0,0,0,0,0,0,0,0,0,0,0,0,0,0,0,0,0,0,0,0,0,0,0
COOK-:-WARD 16 PRECINCT 04,31,COOK,WARD 16 PRECINCT 04,7,0,0,0,0,0,0,0,0,0,0,0,0,0,0,0,0,0,194,0,0,0,0,0,0,0,0,0,0,0,0,0,0,0,0,0,0,0,0,0,0,0,0,0,0
COOK-:-WARD 16 PRECINCT 05,31,COOK,WARD 16 PRECINCT 05,7,0,0,0,0,0,0,0,0,0,0,0,0,0,0,0,0,0,392,0,0,0,0,0,0,0,0,0,0,0,0,0,0,0,0,0,0,0,0,0,0,0,0,0,0
COOK-:-WARD 16 PRECINCT 06,31,COOK,WARD 16 PRECINCT 06,7,0,0,0,0,0,0,0,0,0,0,0,0,0,0,0,0,0,376,0,0,0,0,0,0,0,0,0,0,0,0,0,0,0,0,0,0,0,0,0,0,0,0,0,0
COOK-:-WARD 16 PRECINCT 08,31,COOK,WARD 16 PRECINCT 08,7,0,0,0,0,0,0,0,0,0,0,0,0,0,0,0,0,0,156,0,0,0,0,0,0,0,0,0,0,0,0,0,0,0,0,0,0,0,0,0,0,0,0,0,0
COOK-:-WARD 16 PRECINCT 09,31,COOK,WARD 16 PRECINCT 09,7,0,0,0,0,0,0,0,0,0,0,0,0,0,0,0,0,0,360,0,0,0,0,0,0,0,0,0,0,0,0,0,0,0,0,0,0,0,0,0,0,0,0,0,0
COOK-:-WARD 16 PRECINCT 10,31,COOK,WARD 16 PRECINCT 10,7,0,0,0,0,0,0,0,0,0,0,0,0,0,0,0,0,0,304,0,0,0,0,0,0,0,0,0,0,0,0,0,0,0,0,0,0,0,0,0,0,0,0,0,0
COOK-:-WARD 16 PRECINCT 11,31,COOK,WARD 16 PRECINCT 11,7,0,0,0,0,0,0,0,0,0,0,0,0,0,0,0,0,0,246,0,0,0,0,0,0,0,0,0,0,0,0,0,0,0,0,0,0,0,0,0,0,0,0,0,0
COOK-:-WARD 16 PRECINCT 12,31,COOK,WARD 16 PRECINCT 12,7,0,0,0,0,0,0,0,0,0,0,0,0,0,0,0,0,0,104,0,0,0,0,0,0,0,0,0,0,0,0,0,0,0,0,0,0,0,0,0,0,0,0,0,0
COOK-:-WARD 16 PRECINCT 13,31,COOK,WARD 16 PRECINCT 13,7,0,0,0,0,0,0,0,0,0,0,0,0,0,0,0,0,0,158,0,0,0,0,0,0,0,0,0,0,0,0,0,0,0,0,0,0,0,0,0,0,0,0,0,0
COOK-:-WARD 16 PRECINCT 14,31,COOK,WARD 16 PRECINCT 14,7,0,0,0,0,0,0,0,0,0,0,0,0,0,0,0,0,0,409,0,0,0,0,0,0,0,0,0,0,0,0,0,0,0,0,0,0,0,0,0,0,0,0,0,0
COOK-:-WARD 16 PRECINCT 15,31,COOK,WARD 16 PRECINCT 15,7,0,0,0,0,0,0,0,0,0,0,0,0,0,0,0,0,0,342,0,0,0,0,0,0,0,0,0,0,0,0,0,0,0,0,0,0,0,0,0,0,0,0,0,0
COOK-:-WARD 16 PRECINCT 16,31,COOK,WARD 16 PRECINCT 16,7,0,0,0,0,0,0,0,0,0,0,0,0,0,0,0,0,0,261,0,0,0,0,0,0,0,0,0,0,0,0,0,0,0,0,0,0,0,0,0,0,0,0,0,0
COOK-:-WARD 16 PRECINCT 17,31,COOK,WARD 16 PRECINCT 17,7,0,0,0,0,0,0,0,0,0,0,0,0,0,0,0,0,0,437,1,0,0,0,0,0,0,0,0,0,0,0,0,0,0,0,0,0,0,0,0,0,0,0,0,0
COOK-:-WARD 16 PRECINCT 18,31,COOK,WARD 16 PRECINCT 18,7,0,0,0,0,0,0,0,0,0,0,0,0,0,0,0,0,0,404,0,0,0,0,0,0,0,0,0,0,0,0,0,0,0,0,0,0,0,0,0,0,0,0,0,0
COOK-:-WARD 16 PRECINCT 19,31,COOK,WARD 16 PRECINCT 19,7,0,0,0,0,0,0,0,0,0,0,0,0,0,0,0,0,0,310,0,0,0,0,0,0,0,0,0,0,0,0,0,0,0,0,0,0,0,0,0,0,0,0,0,0
COOK-:-WARD 16 PRECINCT 21,31,COOK,WARD 16 PRECINCT 21,7,0,0,0,0,0,0,0,0,0,0,0,0,0,0,0,0,0,240,0,0,0,0,0,0,0,0,0,0,0,0,0,0,0,0,0,0,0,0,0,0,0,0,0,0
COOK-:-WARD 16 PRECINCT 22,31,COOK,WARD 16 PRECINCT 22,7,0,0,0,0,0,0,0,0,0,0,0,0,0,0,0,0,0,321,0,0,0,0,0,0,0,0,0,0,0,0,0,0,0,0,0,0,0,0,0,0,0,0,0,0
COOK-:-WARD 16 PRECINCT 24,31,COOK,WARD 16 PRECINCT 24,7,0,0,0,0,0,0,0,0,0,0,0,0,0,0,0,0,0,273,0,0,0,0,0,0,0,0,0,0,0,0,0,0,0,0,0,0,0,0,0,0,0,0,0,0
COOK-:-WARD 16 PRECINCT 25,31,COOK,WARD 16 PRECINCT 25,7,0,0,0,0,0,0,0,0,0,0,0,0,0,0,0,0,0,131,0,0,0,0,0,0,0,0,0,0,0,0,0,0,0,0,0,0,0,0,0,0,0,0,0,0
COOK-:-WARD 17 PRECINCT 03,31,COOK,WARD 17 PRECINCT 03,7,0,0,0,0,0,0,0,0,0,0,0,0,0,0,0,0,0,318,0,0,0,0,0,0,0,0,0,0,0,0,0,0,0,0,0,0,0,0,0,0,0,0,0,0
COOK-:-WARD 17 PRECINCT 04,31,COOK,WARD 17 PRECINCT 04,7,0,0,0,0,0,0,0,0,0,0,0,0,0,0,0,0,0,319,0,0,0,0,0,0,0,0,0,0,0,0,0,0,0,0,0,0,0,0,0,0,0,0,0,0
COOK-:-WARD 17 PRECINCT 05,31,COOK,WARD 17 PRECINCT 05,7,0,0,0,0,0,0,0,0,0,0,0,0,0,0,0,0,0,208,0,0,0,0,0,0,0,0,0,0,0,0,0,0,0,0,0,0,0,0,0,0,0,0,0,0
COOK-:-WARD 17 PRECINCT 06,31,COOK,WARD 17 PRECINCT 06,7,0,0,0,0,0,0,0,0,0,0,0,0,0,0,0,0,0,308,0,0,0,0,0,0,0,0,0,0,0,0,0,0,0,0,0,0,0,0,0,0,0,0,0,0
COOK-:-WARD 17 PRECINCT 07,31,COOK,WARD 17 PRECINCT 07,7,0,0,0,0,0,0,0,0,0,0,0,0,0,0,0,0,0,178,0,0,0,0,0,0,0,0,0,0,0,0,0,0,0,0,0,0,0,0,0,0,0,0,0,0
COOK-:-WARD 17 PRECINCT 08,31,COOK,WARD 17 PRECINCT 08,7,0,0,0,0,0,0,0,0,0,0,0,0,0,0,0,0,0,235,0,0,0,0,0,0,0,0,0,0,0,0,0,0,0,0,0,0,0,0,0,0,0,0,0,0
COOK-:-WARD 17 PRECINCT 09,31,COOK,WARD 17 PRECINCT 09,7,0,0,0,0,0,0,0,0,0,0,0,0,0,0,0,0,0,240,0,0,0,0,0,0,0,0,0,0,0,0,0,0,0,0,0,0,0,0,0,0,0,0,0,0
COOK-:-WARD 17 PRECINCT 11,31,COOK,WARD 17 PRECINCT 11,7,0,0,0,0,0,0,0,0,0,0,0,0,0,0,0,0,0,286,0,0,0,0,0,0,0,0,0,0,0,0,0,0,0,0,0,0,0,0,0,0,0,0,0,0
COOK-:-WARD 17 PRECINCT 12,31,COOK,WARD 17 PRECINCT 12,7,0,0,0,0,0,0,0,0,0,0,0,0,0,0,0,0,0,174,0,0,0,0,0,0,0,0,0,0,0,0,0,0,0,0,0,0,0,0,0,0,0,0,0,0
COOK-:-WARD 17 PRECINCT 13,31,COOK,WARD 17 PRECINCT 13,7,0,0,0,0,0,0,0,0,0,0,0,0,0,0,0,0,0,198,0,0,0,0,0,0,0,0,0,0,0,0,0,0,0,0,0,0,0,0,0,0,0,0,0,0
COOK-:-WARD 18 PRECINCT 11,31,COOK,WARD 18 PRECINCT 11,7,0,0,0,0,0,0,0,0,0,0,0,0,0,0,0,0,0,454,0,0,0,0,0,0,0,0,0,0,0,0,0,0,0,0,0,0,0,0,0,0,0,0,0,0
COOK-:-WARD 20 PRECINCT 03,31,COOK,WARD 20 PRECINCT 03,7,0,0,0,0,0,0,0,0,0,0,0,0,0,0,0,0,0,161,0,0,0,0,0,0,0,0,0,0,0,0,0,0,0,0,0,0,0,0,0,0,0,0,0,0
COOK-:-WARD 20 PRECINCT 04,31,COOK,WARD 20 PRECINCT 04,7,0,0,0,0,0,0,0,0,0,0,0,0,0,0,0,0,0,133,0,0,0,0,0,0,0,0,0,0,0,0,0,0,0,0,0,0,0,0,0,0,0,0,0,0
COOK-:-WARD 20 PRECINCT 06,31,COOK,WARD 20 PRECINCT 06,7,0,0,0,0,0,0,0,0,0,0,0,0,0,0,0,0,0,164,0,0,0,0,0,0,0,0,0,0,0,0,0,0,0,0,0,0,0,0,0,0,0,0,0,0
COOK-:-WARD 20 PRECINCT 07,31,COOK,WARD 20 PRECINCT 07,7,0,0,0,0,0,0,0,0,0,0,0,0,0,0,0,0,0,224,0,0,0,0,0,0,0,0,0,0,0,0,0,0,0,0,0,0,0,0,0,0,0,0,0,0
COOK-:-WARD 20 PRECINCT 09,31,COOK,WARD 20 PRECINCT 09,7,0,0,0,0,0,0,0,0,0,0,0,0,0,0,0,0,0,502,1,0,0,0,0,0,0,0,0,0,0,0,0,0,0,0,0,0,0,0,0,0,0,0,0,0
COOK-:-WARD 20 PRECINCT 10,31,COOK,WARD 20 PRECINCT 10,7,0,0,0,0,0,0,0,0,0,0,0,0,0,0,0,0,0,526,1,0,0,0,0,0,0,0,0,0,0,0,0,0,0,0,0,0,0,0,0,0,0,0,0,0
COOK-:-WARD 20 PRECINCT 11,31,COOK,WARD 20 PRECINCT 11,7,0,0,0,0,0,0,0,0,0,0,0,0,0,0,0,0,0,424,0,0,0,0,0,0,0,0,0,0,0,0,0,0,0,0,0,0,0,0,0,0,0,0,0,0
COOK-:-WARD 20 PRECINCT 23,31,COOK,WARD 20 PRECINCT 23,7,0,0,0,0,0,0,0,0,0,0,0,0,0,0,0,0,0,228,0,0,0,0,0,0,0,0,0,0,0,0,0,0,0,0,0,0,0,0,0,0,0,0,0,0
COOK-:-WARD 22 PRECINCT 01,31,COOK,WARD 22 PRECINCT 01,7,0,0,0,0,0,0,0,0,0,0,0,0,0,0,0,0,0,202,0,0,0,0,0,0,0,0,0,0,0,0,0,0,0,0,0,0,0,0,0,0,0,0,0,0
COOK-:-WARD 24 PRECINCT 01,31,COOK,WARD 24 PRECINCT 01,7,0,0,0,0,0,0,0,0,0,0,0,0,0,0,0,0,0,234,0,0,0,0,0,0,0,0,0,0,0,0,0,0,0,0,0,0,0,0,0,0,0,0,0,0
COOK-:-WARD 24 PRECINCT 02,31,COOK,WARD 24 PRECINCT 02,7,0,0,0,0,0,0,0,0,0,0,0,0,0,0,0,0,0,211,0,0,0,0,0,0,0,0,0,0,0,0,0,0,0,0,0,0,0,0,0,0,0,0,0,0
COOK-:-WARD 24 PRECINCT 03,31,COOK,WARD 24 PRECINCT 03,7,0,0,0,0,0,0,0,0,0,0,0,0,0,0,0,0,0,420,0,0,0,0,0,0,0,0,0,0,0,0,0,0,0,0,0,0,0,0,0,0,0,0,0,0
COOK-:-WARD 24 PRECINCT 04,31,COOK,WARD 24 PRECINCT 04,7,0,0,0,0,0,0,0,0,0,0,0,0,0,0,0,0,0,369,0,0,0,0,0,0,0,0,0,0,0,0,0,0,0,0,0,0,0,0,0,0,0,0,0,0
COOK-:-WARD 24 PRECINCT 05,31,COOK,WARD 24 PRECINCT 05,7,0,0,0,0,0,0,0,0,0,0,0,0,0,0,0,0,0,607,0,0,0,0,0,0,0,0,0,0,0,0,0,0,0,0,0,0,0,0,0,0,0,0,0,0
COOK-:-WARD 24 PRECINCT 06,31,COOK,WARD 24 PRECINCT 06,7,0,0,0,0,0,0,0,0,0,0,0,0,0,0,0,0,0,381,0,0,0,0,0,0,0,0,0,0,0,0,0,0,0,0,0,0,0,0,0,0,0,0,0,0
COOK-:-WARD 24 PRECINCT 07,31,COOK,WARD 24 PRECINCT 07,7,0,0,0,0,0,0,0,0,0,0,0,0,0,0,0,0,0,181,0,0,0,0,0,0,0,0,0,0,0,0,0,0,0,0,0,0,0,0,0,0,0,0,0,0
COOK-:-WARD 24 PRECINCT 08,31,COOK,WARD 24 PRECINCT 08,7,0,0,0,0,0,0,0,0,0,0,0,0,0,0,0,0,0,250,0,0,0,0,0,0,0,0,0,0,0,0,0,0,0,0,0,0,0,0,0,0,0,0,0,0
COOK-:-WARD 24 PRECINCT 09,31,COOK,WARD 24 PRECINCT 09,7,0,0,0,0,0,0,0,0,0,0,0,0,0,0,0,0,0,442,0,0,0,0,0,0,0,0,0,0,0,0,0,0,0,0,0,0,0,0,0,0,0,0,0,0
COOK-:-WARD 24 PRECINCT 10,31,COOK,WARD 24 PRECINCT 10,7,0,0,0,0,0,0,0,0,0,0,0,0,0,0,0,0,0,327,0,0,0,0,0,0,0,0,0,0,0,0,0,0,0,0,0,0,0,0,0,0,0,0,0,0
COOK-:-WARD 24 PRECINCT 11,31,COOK,WARD 24 PRECINCT 11,7,0,0,0,0,0,0,0,0,0,0,0,0,0,0,0,0,0,432,1,0,0,0,0,0,0,0,0,0,0,0,0,0,0,0,0,0,0,0,0,0,0,0,0,0
COOK-:-WARD 24 PRECINCT 12,31,COOK,WARD 24 PRECINCT 12,7,0,0,0,0,0,0,0,0,0,0,0,0,0,0,0,0,0,490,0,0,0,0,0,0,0,0,0,0,0,0,0,0,0,0,0,0,0,0,0,0,0,0,0,0
COOK-:-WARD 24 PRECINCT 13,31,COOK,WARD 24 PRECINCT 13,7,0,0,0,0,0,0,0,0,0,0,0,0,0,0,0,0,0,445,0,0,0,0,0,0,0,0,0,0,0,0,0,0,0,0,0,0,0,0,0,0,0,0,0,0
COOK-:-WARD 24 PRECINCT 14,31,COOK,WARD 24 PRECINCT 14,7,0,0,0,0,0,0,0,0,0,0,0,0,0,0,0,0,0,353,0,0,0,0,0,0,0,0,0,0,0,0,0,0,0,0,0,0,0,0,0,0,0,0,0,0
COOK-:-WARD 24 PRECINCT 15,31,COOK,WARD 24 PRECINCT 15,7,0,0,0,0,0,0,0,0,0,0,0,0,0,0,0,0,0,379,0,0,0,0,0,0,0,0,0,0,0,0,0,0,0,0,0,0,0,0,0,0,0,0,0,0
COOK-:-WARD 24 PRECINCT 16,31,COOK,WARD 24 PRECINCT 16,7,0,0,0,0,0,0,0,0,0,0,0,0,0,0,0,0,0,501,0,0,0,0,0,0,0,0,0,0,0,0,0,0,0,0,0,0,0,0,0,0,0,0,0,0
COOK-:-WARD 24 PRECINCT 17,31,COOK,WARD 24 PRECINCT 17,7,0,0,0,0,0,0,0,0,0,0,0,0,0,0,0,0,0,297,0,0,0,0,0,0,0,0,0,0,0,0,0,0,0,0,0,0,0,0,0,0,0,0,0,0
COOK-:-WARD 25 PRECINCT 15,31,COOK,WARD 25 PRECINCT 15,7,0,0,0,0,0,0,0,0,0,0,0,0,0,0,0,0,0,481,0,0,0,0,0,0,0,0,0,0,0,0,0,0,0,0,0,0,0,0,0,0,0,0,0,0
COOK-:-WARD 25 PRECINCT 17,31,COOK,WARD 25 PRECINCT 17,7,0,0,0,0,0,0,0,0,0,0,0,0,0,0,0,0,0,280,0,0,0,0,0,0,0,0,0,0,0,0,0,0,0,0,0,0,0,0,0,0,0,0,0,0
COOK-:-WARD 27 PRECINCT 01,31,COOK,WARD 27 PRECINCT 01,7,0,0,0,0,0,0,0,0,0,0,0,0,0,0,0,0,0,484,1,0,0,0,0,0,0,0,0,0,0,0,0,0,0,0,0,0,0,0,0,0,0,0,0,0
COOK-:-WARD 27 PRECINCT 02,31,COOK,WARD 27 PRECINCT 02,7,0,0,0,0,0,0,0,0,0,0,0,0,0,0,0,0,0,653,0,0,0,0,0,0,0,0,0,0,0,0,0,0,0,0,0,0,0,0,0,0,0,0,0,0
COOK-:-WARD 27 PRECINCT 03,31,COOK,WARD 27 PRECINCT 03,7,0,0,0,0,0,0,0,0,0,0,0,0,0,0,0,0,0,363,0,0,0,0,0,0,0,0,0,0,0,0,0,0,0,0,0,0,0,0,0,0,0,0,0,0
COOK-:-WARD 27 PRECINCT 04,31,COOK,WARD 27 PRECINCT 04,7,0,0,0,0,0,0,0,0,0,0,0,0,0,0,0,0,0,463,0,0,0,0,0,0,0,0,0,0,0,0,0,0,0,0,0,0,0,0,0,0,0,0,0,0
COOK-:-WARD 27 PRECINCT 05,31,COOK,WARD 27 PRECINCT 05,7,0,0,0,0,0,0,0,0,0,0,0,0,0,0,0,0,0,341,0,0,0,0,0,0,0,0,0,0,0,0,0,0,0,0,0,0,0,0,0,0,0,0,0,0
COOK-:-WARD 27 PRECINCT 06,31,COOK,WARD 27 PRECINCT 06,7,0,0,0,0,0,0,0,0,0,0,0,0,0,0,0,0,0,619,0,0,0,0,0,0,0,0,0,0,0,0,0,0,0,0,0,0,0,0,0,0,0,0,0,0
COOK-:-WARD 27 PRECINCT 07,31,COOK,WARD 27 PRECINCT 07,7,0,0,0,0,0,0,0,0,0,0,0,0,0,0,0,0,0,795,2,0,0,0,0,0,0,0,0,0,0,0,0,0,0,0,0,0,0,0,0,0,0,0,0,0
COOK-:-WARD 27 PRECINCT 08,31,COOK,WARD 27 PRECINCT 08,7,0,0,0,0,0,0,0,0,0,0,0,0,0,0,0,0,0,192,0,0,0,0,0,0,0,0,0,0,0,0,0,0,0,0,0,0,0,0,0,0,0,0,0,0
COOK-:-WARD 27 PRECINCT 10,31,COOK,WARD 27 PRECINCT 10,7,0,0,0,0,0,0,0,0,0,0,0,0,0,0,0,0,0,343,0,0,0,0,0,0,0,0,0,0,0,0,0,0,0,0,0,0,0,0,0,0,0,0,0,0
COOK-:-WARD 27 PRECINCT 11,31,COOK,WARD 27 PRECINCT 11,7,0,0,0,0,0,0,0,0,0,0,0,0,0,0,0,0,0,569,0,0,0,0,0,0,0,0,0,0,0,0,0,0,0,0,0,0,0,0,0,0,0,0,0,0
COOK-:-WARD 27 PRECINCT 14,31,COOK,WARD 27 PRECINCT 14,7,0,0,0,0,0,0,0,0,0,0,0,0,0,0,0,0,0,386,1,0,0,0,0,0,0,0,0,0,0,0,0,0,0,0,0,0,0,0,0,0,0,0,0,0
COOK-:-WARD 27 PRECINCT 15,31,COOK,WARD 27 PRECINCT 15,7,0,0,0,0,0,0,0,0,0,0,0,0,0,0,0,0,0,477,0,0,0,0,0,0,0,0,0,0,0,0,0,0,0,0,0,0,0,0,0,0,0,0,0,0
COOK-:-WARD 27 PRECINCT 16,31,COOK,WARD 27 PRECINCT 16,7,0,0,0,0,0,0,0,0,0,0,0,0,0,0,0,0,0,632,0,0,0,0,0,0,0,0,0,0,0,0,0,0,0,0,0,0,0,0,0,0,0,0,0,0
COOK-:-WARD 27 PRECINCT 17,31,COOK,WARD 27 PRECINCT 17,7,0,0,0,0,0,0,0,0,0,0,0,0,0,0,0,0,0,239,0,0,0,0,0,0,0,0,0,0,0,0,0,0,0,0,0,0,0,0,0,0,0,0,0,0
COOK-:-WARD 27 PRECINCT 18,31,COOK,WARD 27 PRECINCT 18,7,0,0,0,0,0,0,0,0,0,0,0,0,0,0,0,0,0,581,0,0,0,0,0,0,0,0,0,0,0,0,0,0,0,0,0,0,0,0,0,0,0,0,0,0
COOK-:-WARD 27 PRECINCT 19,31,COOK,WARD 27 PRECINCT 19,7,0,0,0,0,0,0,0,0,0,0,0,0,0,0,0,0,0,176,0,0,0,0,0,0,0,0,0,0,0,0,0,0,0,0,0,0,0,0,0,0,0,0,0,0
COOK-:-WARD 27 PRECINCT 20,31,COOK,WARD 27 PRECINCT 20,7,0,0,0,0,0,0,0,0,0,0,0,0,0,0,0,0,0,341,0,0,0,0,0,0,0,0,0,0,0,0,0,0,0,0,0,0,0,0,0,0,0,0,0,0
COOK-:-WARD 27 PRECINCT 22,31,COOK,WARD 27 PRECINCT 22,7,0,0,0,0,0,0,0,0,0,0,0,0,0,0,0,0,0,375,0,0,0,0,0,0,0,0,0,0,0,0,0,0,0,0,0,0,0,0,0,0,0,0,0,0
COOK-:-WARD 27 PRECINCT 23,31,COOK,WARD 27 PRECINCT 23,7,0,0,0,0,0,0,0,0,0,0,0,0,0,0,0,0,0,320,0,0,0,0,0,0,0,0,0,0,0,0,0,0,0,0,0,0,0,0,0,0,0,0,0,0
COOK-:-WARD 27 PRECINCT 25,31,COOK,WARD 27 PRECINCT 25,7,0,0,0,0,0,0,0,0,0,0,0,0,0,0,0,0,0,440,0,0,0,0,0,0,0,0,0,0,0,0,0,0,0,0,0,0,0,0,0,0,0,0,0,0
COOK-:-WARD 27 PRECINCT 26,31,COOK,WARD 27 PRECINCT 26,7,0,0,0,0,0,0,0,0,0,0,0,0,0,0,0,0,0,482,0,0,0,0,0,0,0,0,0,0,0,0,0,0,0,0,0,0,0,0,0,0,0,0,0,0
COOK-:-WARD 27 PRECINCT 27,31,COOK,WARD 27 PRECINCT 27,7,0,0,0,0,0,0,0,0,0,0,0,0,0,0,0,0,0,345,0,0,0,0,0,0,0,0,0,0,0,0,0,0,0,0,0,0,0,0,0,0,0,0,0,0
COOK-:-WARD 27 PRECINCT 28,31,COOK,WARD 27 PRECINCT 28,7,0,0,0,0,0,0,0,0,0,0,0,0,0,0,0,0,0,416,0,0,0,0,0,0,0,0,0,0,0,0,0,0,0,0,0,0,0,0,0,0,0,0,0,0
COOK-:-WARD 27 PRECINCT 29,31,COOK,WARD 27 PRECINCT 29,7,0,0,0,0,0,0,0,0,0,0,0,0,0,0,0,0,0,745,1,0,0,0,0,0,0,0,0,0,0,0,0,0,0,0,0,0,0,0,0,0,0,0,0,0
COOK-:-WARD 28 PRECINCT 01,31,COOK,WARD 28 PRECINCT 01,7,0,0,0,0,0,0,0,0,0,0,0,0,0,0,0,0,0,276,0,0,0,0,0,0,0,0,0,0,0,0,0,0,0,0,0,0,0,0,0,0,0,0,0,0
COOK-:-WARD 28 PRECINCT 02,31,COOK,WARD 28 PRECINCT 02,7,0,0,0,0,0,0,0,0,0,0,0,0,0,0,0,0,0,280,0,0,0,0,0,0,0,0,0,0,0,0,0,0,0,0,0,0,0,0,0,0,0,0,0,0
COOK-:-WARD 28 PRECINCT 03,31,COOK,WARD 28 PRECINCT 03,7,0,0,0,0,0,0,0,0,0,0,0,0,0,0,0,0,0,89,0,0,0,0,0,0,0,0,0,0,0,0,0,0,0,0,0,0,0,0,0,0,0,0,0,0
COOK-:-WARD 28 PRECINCT 04,31,COOK,WARD 28 PRECINCT 04,7,0,0,0,0,0,0,0,0,0,0,0,0,0,0,0,0,0,232,0,0,0,0,0,0,0,0,0,0,0,0,0,0,0,0,0,0,0,0,0,0,0,0,0,0
COOK-:-WARD 28 PRECINCT 05,31,COOK,WARD 28 PRECINCT 05,7,0,0,0,0,0,0,0,0,0,0,0,0,0,0,0,0,0,243,0,0,0,0,0,0,0,0,0,0,0,0,0,0,0,0,0,0,0,0,0,0,0,0,0,0
COOK-:-WARD 28 PRECINCT 06,31,COOK,WARD 28 PRECINCT 06,7,0,0,0,0,0,0,0,0,0,0,0,0,0,0,0,0,0,403,0,0,0,0,0,0,0,0,0,0,0,0,0,0,0,0,0,0,0,0,0,0,0,0,0,0
COOK-:-WARD 28 PRECINCT 07,31,COOK,WARD 28 PRECINCT 07,7,0,0,0,0,0,0,0,0,0,0,0,0,0,0,0,0,0,193,0,0,0,0,0,0,0,0,0,0,0,0,0,0,0,0,0,0,0,0,0,0,0,0,0,0
COOK-:-WARD 28 PRECINCT 08,31,COOK,WARD 28 PRECINCT 08,7,0,0,0,0,0,0,0,0,0,0,0,0,0,0,0,0,0,395,0,0,0,0,0,0,0,0,0,0,0,0,0,0,0,0,0,0,0,0,0,0,0,0,0,0
COOK-:-WARD 28 PRECINCT 09,31,COOK,WARD 28 PRECINCT 09,7,0,0,0,0,0,0,0,0,0,0,0,0,0,0,0,0,0,212,0,0,0,0,0,0,0,0,0,0,0,0,0,0,0,0,0,0,0,0,0,0,0,0,0,0
COOK-:-WARD 28 PRECINCT 10,31,COOK,WARD 28 PRECINCT 10,7,0,0,0,0,0,0,0,0,0,0,0,0,0,0,0,0,0,121,0,0,0,0,0,0,0,0,0,0,0,0,0,0,0,0,0,0,0,0,0,0,0,0,0,0
COOK-:-WARD 28 PRECINCT 11,31,COOK,WARD 28 PRECINCT 11,7,0,0,0,0,0,0,0,0,0,0,0,0,0,0,0,0,0,525,0,0,0,0,0,0,0,0,0,0,0,0,0,0,0,0,0,0,0,0,0,0,0,0,0,0
COOK-:-WARD 28 PRECINCT 12,31,COOK,WARD 28 PRECINCT 12,7,0,0,0,0,0,0,0,0,0,0,0,0,0,0,0,0,0,648,0,0,0,0,0,0,0,0,0,0,0,0,0,0,0,0,0,0,0,0,0,0,0,0,0,0
COOK-:-WARD 28 PRECINCT 13,31,COOK,WARD 28 PRECINCT 13,7,0,0,0,0,0,0,0,0,0,0,0,0,0,0,0,0,0,513,1,0,0,0,0,0,0,0,0,0,0,0,0,0,0,0,0,0,0,0,0,0,0,0,0,0
COOK-:-WARD 28 PRECINCT 14,31,COOK,WARD 28 PRECINCT 14,7,0,0,0,0,0,0,0,0,0,0,0,0,0,0,0,0,0,467,0,0,0,0,0,0,0,0,0,0,0,0,0,0,0,0,0,0,0,0,0,0,0,0,0,0
COOK-:-WARD 28 PRECINCT 15,31,COOK,WARD 28 PRECINCT 15,7,0,0,0,0,0,0,0,0,0,0,0,0,0,0,0,0,0,276,0,0,0,0,0,0,0,0,0,0,0,0,0,0,0,0,0,0,0,0,0,0,0,0,0,0
COOK-:-WARD 28 PRECINCT 16,31,COOK,WARD 28 PRECINCT 16,7,0,0,0,0,0,0,0,0,0,0,0,0,0,0,0,0,0,560,0,0,0,0,0,0,0,0,0,0,0,0,0,0,0,0,0,0,0,0,0,0,0,0,0,0
COOK-:-WARD 28 PRECINCT 17,31,COOK,WARD 28 PRECINCT 17,7,0,0,0,0,0,0,0,0,0,0,0,0,0,0,0,0,0,319,0,0,0,0,0,0,0,0,0,0,0,0,0,0,0,0,0,0,0,0,0,0,0,0,0,0
COOK-:-WARD 28 PRECINCT 18,31,COOK,WARD 28 PRECINCT 18,7,0,0,0,0,0,0,0,0,0,0,0,0,0,0,0,0,0,361,0,0,0,0,0,0,0,0,0,0,0,0,0,0,0,0,0,0,0,0,0,0,0,0,0,0
COOK-:-WARD 28 PRECINCT 19,31,COOK,WARD 28 PRECINCT 19,7,0,0,0,0,0,0,0,0,0,0,0,0,0,0,0,0,0,359,0,0,0,0,0,0,0,0,0,0,0,0,0,0,0,0,0,0,0,0,0,0,0,0,0,0
COOK-:-WARD 28 PRECINCT 20,31,COOK,WARD 28 PRECINCT 20,7,0,0,0,0,0,0,0,0,0,0,0,0,0,0,0,0,0,293,0,0,0,0,0,0,0,0,0,0,0,0,0,0,0,0,0,0,0,0,0,0,0,0,0,0
COOK-:-WARD 28 PRECINCT 21,31,COOK,WARD 28 PRECINCT 21,7,0,0,0,0,0,0,0,0,0,0,0,0,0,0,0,0,0,314,0,0,0,0,0,0,0,0,0,0,0,0,0,0,0,0,0,0,0,0,0,0,0,0,0,0
COOK-:-WARD 28 PRECINCT 22,31,COOK,WARD 28 PRECINCT 22,7,0,0,0,0,0,0,0,0,0,0,0,0,0,0,0,0,0,236,0,0,0,0,0,0,0,0,0,0,0,0,0,0,0,0,0,0,0,0,0,0,0,0,0,0
COOK-:-WARD 28 PRECINCT 23,31,COOK,WARD 28 PRECINCT 23,7,0,0,0,0,0,0,0,0,0,0,0,0,0,0,0,0,0,342,0,0,0,0,0,0,0,0,0,0,0,0,0,0,0,0,0,0,0,0,0,0,0,0,0,0
COOK-:-WARD 28 PRECINCT 24,31,COOK,WARD 28 PRECINCT 24,7,0,0,0,0,0,0,0,0,0,0,0,0,0,0,0,0,0,261,1,0,0,0,0,0,0,0,0,0,0,0,0,0,0,0,0,0,0,0,0,0,0,0,0,0
COOK-:-WARD 28 PRECINCT 25,31,COOK,WARD 28 PRECINCT 25,7,0,0,0,0,0,0,0,0,0,0,0,0,0,0,0,0,0,531,0,0,0,0,0,0,0,0,0,0,0,0,0,0,0,0,0,0,0,0,0,0,0,0,0,0
COOK-:-WARD 28 PRECINCT 26,31,COOK,WARD 28 PRECINCT 26,7,0,0,0,0,0,0,0,0,0,0,0,0,0,0,0,0,0,169,0,0,0,0,0,0,0,0,0,0,0,0,0,0,0,0,0,0,0,0,0,0,0,0,0,0
COOK-:-WARD 29 PRECINCT 07,31,COOK,WARD 29 PRECINCT 07,7,0,0,0,0,0,0,0,0,0,0,0,0,0,0,0,0,0,596,0,0,0,0,0,0,0,0,0,0,0,0,0,0,0,0,0,0,0,0,0,0,0,0,0,0
COOK-:-WARD 29 PRECINCT 08,31,COOK,WARD 29 PRECINCT 08,7,0,0,0,0,0,0,0,0,0,0,0,0,0,0,0,0,0,853,0,0,0,0,0,0,0,0,0,0,0,0,0,0,0,0,0,0,0,0,0,0,0,0,0,0
COOK-:-WARD 29 PRECINCT 09,31,COOK,WARD 29 PRECINCT 09,7,0,0,0,0,0,0,0,0,0,0,0,0,0,0,0,0,0,382,0,0,0,0,0,0,0,0,0,0,0,0,0,0,0,0,0,0,0,0,0,0,0,0,0,0
COOK-:-WARD 29 PRECINCT 10,31,COOK,WARD 29 PRECINCT 10,7,0,0,0,0,0,0,0,0,0,0,0,0,0,0,0,0,0,524,0,0,0,0,0,0,0,0,0,0,0,0,0,0,0,0,0,0,0,0,0,0,0,0,0,0
COOK-:-WARD 29 PRECINCT 11,31,COOK,WARD 29 PRECINCT 11,7,0,0,0,0,0,0,0,0,0,0,0,0,0,0,0,0,0,448,0,0,0,0,0,0,0,0,0,0,0,0,0,0,0,0,0,0,0,0,0,0,0,0,0,0
COOK-:-WARD 29 PRECINCT 12,31,COOK,WARD 29 PRECINCT 12,7,0,0,0,0,0,0,0,0,0,0,0,0,0,0,0,0,0,588,1,0,0,0,0,0,0,0,0,0,0,0,0,0,0,0,0,0,0,0,0,0,0,0,0,0
COOK-:-WARD 29 PRECINCT 13,31,COOK,WARD 29 PRECINCT 13,7,0,0,0,0,0,0,0,0,0,0,0,0,0,0,0,0,0,581,0,0,0,0,0,0,0,0,0,0,0,0,0,0,0,0,0,0,0,0,0,0,0,0,0,0
COOK-:-WARD 29 PRECINCT 14,31,COOK,WARD 29 PRECINCT 14,7,0,0,0,0,0,0,0,0,0,0,0,0,0,0,0,0,0,499,0,0,0,0,0,0,0,0,0,0,0,0,0,0,0,0,0,0,0,0,0,0,0,0,0,0
COOK-:-WARD 29 PRECINCT 15,31,COOK,WARD 29 PRECINCT 15,7,0,0,0,0,0,0,0,0,0,0,0,0,0,0,0,0,0,480,0,0,0,0,0,0,0,0,0,0,0,0,0,0,0,0,0,0,0,0,0,0,0,0,0,0
COOK-:-WARD 29 PRECINCT 16,31,COOK,WARD 29 PRECINCT 16,7,0,0,0,0,0,0,0,0,0,0,0,0,0,0,0,0,0,535,0,0,0,0,0,0,0,0,0,0,0,0,0,0,0,0,0,0,0,0,0,0,0,0,0,0
COOK-:-WARD 29 PRECINCT 17,31,COOK,WARD 29 PRECINCT 17,7,0,0,0,0,0,0,0,0,0,0,0,0,0,0,0,0,0,358,0,0,0,0,0,0,0,0,0,0,0,0,0,0,0,0,0,0,0,0,0,0,0,0,0,0
COOK-:-WARD 29 PRECINCT 18,31,COOK,WARD 29 PRECINCT 18,7,0,0,0,0,0,0,0,0,0,0,0,0,0,0,0,0,0,513,0,0,0,0,0,0,0,0,0,0,0,0,0,0,0,0,0,0,0,0,0,0,0,0,0,0
COOK-:-WARD 29 PRECINCT 19,31,COOK,WARD 29 PRECINCT 19,7,0,0,0,0,0,0,0,0,0,0,0,0,0,0,0,0,0,574,1,0,0,0,0,0,0,0,0,0,0,0,0,0,0,0,0,0,0,0,0,0,0,0,0,0
COOK-:-WARD 29 PRECINCT 20,31,COOK,WARD 29 PRECINCT 20,7,0,0,0,0,0,0,0,0,0,0,0,0,0,0,0,0,0,337,0,0,0,0,0,0,0,0,0,0,0,0,0,0,0,0,0,0,0,0,0,0,0,0,0,0
COOK-:-WARD 29 PRECINCT 21,31,COOK,WARD 29 PRECINCT 21,7,0,0,0,0,0,0,0,0,0,0,0,0,0,0,0,0,0,388,0,0,0,0,0,0,0,0,0,0,0,0,0,0,0,0,0,0,0,0,0,0,0,0,0,0
COOK-:-WARD 29 PRECINCT 22,31,COOK,WARD 29 PRECINCT 22,7,0,0,0,0,0,0,0,0,0,0,0,0,0,0,0,0,0,582,0,0,0,0,0,0,0,0,0,0,0,0,0,0,0,0,0,0,0,0,0,0,0,0,0,0
COOK-:-WARD 29 PRECINCT 23,31,COOK,WARD 29 PRECINCT 23,7,0,0,0,0,0,0,0,0,0,0,0,0,0,0,0,0,0,533,0,0,0,0,0,0,0,0,0,0,0,0,0,0,0,0,0,0,0,0,0,0,0,0,0,0
COOK-:-WARD 29 PRECINCT 24,31,COOK,WARD 29 PRECINCT 24,7,0,0,0,0,0,0,0,0,0,0,0,0,0,0,0,0,0,414,0,0,0,0,0,0,0,0,0,0,0,0,0,0,0,0,0,0,0,0,0,0,0,0,0,0
COOK-:-WARD 34 PRECINCT 01,31,COOK,WARD 34 PRECINCT 01,7,0,0,0,0,0,0,0,0,0,0,0,0,0,0,0,0,0,567,1,0,0,0,0,0,0,0,0,0,0,0,0,0,0,0,0,0,0,0,0,0,0,0,0,0
COOK-:-WARD 34 PRECINCT 02,31,COOK,WARD 34 PRECINCT 02,7,0,0,0,0,0,0,0,0,0,0,0,0,0,0,0,0,0,321,0,0,0,0,0,0,0,0,0,0,0,0,0,0,0,0,0,0,0,0,0,0,0,0,0,0
COOK-:-WARD 34 PRECINCT 03,31,COOK,WARD 34 PRECINCT 03,7,0,0,0,0,0,0,0,0,0,0,0,0,0,0,0,0,0,772,1,0,0,0,0,0,0,0,0,0,0,0,0,0,0,0,0,0,0,0,0,0,0,0,0,0
COOK-:-WARD 34 PRECINCT 04,31,COOK,WARD 34 PRECINCT 04,7,0,0,0,0,0,0,0,0,0,0,0,0,0,0,0,0,0,420,0,0,0,0,0,0,0,0,0,0,0,0,0,0,0,0,0,0,0,0,0,0,0,0,0,0
COOK-:-WARD 34 PRECINCT 05,31,COOK,WARD 34 PRECINCT 05,7,0,0,0,0,0,0,0,0,0,0,0,0,0,0,0,0,0,745,0,0,0,0,0,0,0,0,0,0,0,0,0,0,0,0,0,0,0,0,0,0,0,0,0,0
COOK-:-WARD 34 PRECINCT 06,31,COOK,WARD 34 PRECINCT 06,7,0,0,0,0,0,0,0,0,0,0,0,0,0,0,0,0,0,547,1,0,0,0,0,0,0,0,0,0,0,0,0,0,0,0,0,0,0,0,0,0,0,0,0,0
COOK-:-WARD 34 PRECINCT 07,31,COOK,WARD 34 PRECINCT 07,7,0,0,0,0,0,0,0,0,0,0,0,0,0,0,0,0,0,255,0,0,0,0,0,0,0,0,0,0,0,0,0,0,0,0,0,0,0,0,0,0,0,0,0,0
COOK-:-WARD 34 PRECINCT 08,31,COOK,WARD 34 PRECINCT 08,7,0,0,0,0,0,0,0,0,0,0,0,0,0,0,0,0,0,418,1,0,0,0,0,0,0,0,0,0,0,0,0,0,0,0,0,0,0,0,0,0,0,0,0,0
COOK-:-WARD 34 PRECINCT 09,31,COOK,WARD 34 PRECINCT 09,7,0,0,0,0,0,0,0,0,0,0,0,0,0,0,0,0,0,782,2,0,0,0,0,0,0,0,0,0,0,0,0,0,0,0,0,0,0,0,0,0,0,0,0,0
COOK-:-WARD 34 PRECINCT 10,31,COOK,WARD 34 PRECINCT 10,7,0,0,0,0,0,0,0,0,0,0,0,0,0,0,0,0,0,317,0,0,0,0,0,0,0,0,0,0,0,0,0,0,0,0,0,0,0,0,0,0,0,0,0,0
COOK-:-WARD 34 PRECINCT 11,31,COOK,WARD 34 PRECINCT 11,7,0,0,0,0,0,0,0,0,0,0,0,0,0,0,0,0,0,544,1,0,0,0,0,0,0,0,0,0,0,0,0,0,0,0,0,0,0,0,0,0,0,0,0,0
COOK-:-WARD 34 PRECINCT 12,31,COOK,WARD 34 PRECINCT 12,7,0,0,0,0,0,0,0,0,0,0,0,0,0,0,0,0,0,536,0,0,0,0,0,0,0,0,0,0,0,0,0,0,0,0,0,0,0,0,0,0,0,0,0,0
COOK-:-WARD 34 PRECINCT 13,31,COOK,WARD 34 PRECINCT 13,7,0,0,0,0,0,0,0,0,0,0,0,0,0,0,0,0,0,612,0,0,0,0,0,0,0,0,0,0,0,0,0,0,0,0,0,0,0,0,0,0,0,0,0,0
COOK-:-WARD 34 PRECINCT 14,31,COOK,WARD 34 PRECINCT 14,7,0,0,0,0,0,0,0,0,0,0,0,0,0,0,0,0,0,610,0,0,0,0,0,0,0,0,0,0,0,0,0,0,0,0,0,0,0,0,0,0,0,0,0,0
COOK-:-WARD 34 PRECINCT 15,31,COOK,WARD 34 PRECINCT 15,7,0,0,0,0,0,0,0,0,0,0,0,0,0,0,0,0,0,500,0,0,0,0,0,0,0,0,0,0,0,0,0,0,0,0,0,0,0,0,0,0,0,0,0,0
COOK-:-WARD 34 PRECINCT 16,31,COOK,WARD 34 PRECINCT 16,7,0,0,0,0,0,0,0,0,0,0,0,0,0,0,0,0,0,824,0,0,0,0,0,0,0,0,0,0,0,0,0,0,0,0,0,0,0,0,0,0,0,0,0,0
COOK-:-WARD 34 PRECINCT 17,31,COOK,WARD 34 PRECINCT 17,7,0,0,0,0,0,0,0,0,0,0,0,0,0,0,0,0,0,754,2,0,0,0,0,0,0,0,0,0,0,0,0,0,0,0,0,0,0,0,0,0,0,0,0,0
COOK-:-WARD 34 PRECINCT 18,31,COOK,WARD 34 PRECINCT 18,7,0,0,0,0,0,0,0,0,0,0,0,0,0,0,0,0,0,703,1,0,0,0,0,0,0,0,0,0,0,0,0,0,0,0,0,0,0,0,0,0,0,0,0,0
COOK-:-WARD 34 PRECINCT 19,31,COOK,WARD 34 PRECINCT 19,7,0,0,0,0,0,0,0,0,0,0,0,0,0,0,0,0,0,516,1,0,0,0,0,0,0,0,0,0,0,0,0,0,0,0,0,0,0,0,0,0,0,0,0,0
COOK-:-WARD 34 PRECINCT 20,31,COOK,WARD 34 PRECINCT 20,7,0,0,0,0,0,0,0,0,0,0,0,0,0,0,0,0,0,658,0,0,0,0,0,0,0,0,0,0,0,0,0,0,0,0,0,0,0,0,0,0,0,0,0,0
COOK-:-WARD 36 PRECINCT 17,31,COOK,WARD 36 PRECINCT 17,7,0,0,0,0,0,0,0,0,0,0,0,0,0,0,0,0,0,435,0,0,0,0,0,0,0,0,0,0,0,0,0,0,0,0,0,0,0,0,0,0,0,0,0,0
COOK-:-WARD 36 PRECINCT 21,31,COOK,WARD 36 PRECINCT 21,7,0,0,0,0,0,0,0,0,0,0,0,0,0,0,0,0,0,470,0,0,0,0,0,0,0,0,0,0,0,0,0,0,0,0,0,0,0,0,0,0,0,0,0,0
COOK-:-WARD 36 PRECINCT 22,31,COOK,WARD 36 PRECINCT 22,7,0,0,0,0,0,0,0,0,0,0,0,0,0,0,0,0,0,632,1,0,0,0,0,0,0,0,0,0,0,0,0,0,0,0,0,0,0,0,0,0,0,0,0,0
COOK-:-WARD 36 PRECINCT 23,31,COOK,WARD 36 PRECINCT 23,7,0,0,0,0,0,0,0,0,0,0,0,0,0,0,0,0,0,539,0,0,0,0,0,0,0,0,0,0,0,0,0,0,0,0,0,0,0,0,0,0,0,0,0,0
COOK-:-WARD 36 PRECINCT 24,31,COOK,WARD 36 PRECINCT 24,7,0,0,0,0,0,0,0,0,0,0,0,0,0,0,0,0,0,583,0,0,0,0,0,0,0,0,0,0,0,0,0,0,0,0,0,0,0,0,0,0,0,0,0,0
COOK-:-WARD 36 PRECINCT 25,31,COOK,WARD 36 PRECINCT 25,7,0,0,0,0,0,0,0,0,0,0,0,0,0,0,0,0,0,655,0,0,0,0,0,0,0,0,0,0,0,0,0,0,0,0,0,0,0,0,0,0,0,0,0,0
COOK-:-WARD 36 PRECINCT 26,31,COOK,WARD 36 PRECINCT 26,7,0,0,0,0,0,0,0,0,0,0,0,0,0,0,0,0,0,611,0,0,0,0,0,0,0,0,0,0,0,0,0,0,0,0,0,0,0,0,0,0,0,0,0,0
COOK-:-WARD 36 PRECINCT 27,31,COOK,WARD 36 PRECINCT 27,7,0,0,0,0,0,0,0,0,0,0,0,0,0,0,0,0,0,681,0,0,0,0,0,0,0,0,0,0,0,0,0,0,0,0,0,0,0,0,0,0,0,0,0,0
COOK-:-WARD 37 PRECINCT 01,31,COOK,WARD 37 PRECINCT 01,7,0,0,0,0,0,0,0,0,0,0,0,0,0,0,0,0,0,422,0,0,0,0,0,0,0,0,0,0,0,0,0,0,0,0,0,0,0,0,0,0,0,0,0,0
COOK-:-WARD 37 PRECINCT 03,31,COOK,WARD 37 PRECINCT 03,7,0,0,0,0,0,0,0,0,0,0,0,0,0,0,0,0,0,404,0,0,0,0,0,0,0,0,0,0,0,0,0,0,0,0,0,0,0,0,0,0,0,0,0,0
COOK-:-WARD 37 PRECINCT 04,31,COOK,WARD 37 PRECINCT 04,7,0,0,0,0,0,0,0,0,0,0,0,0,0,0,0,0,0,436,0,0,0,0,0,0,0,0,0,0,0,0,0,0,0,0,0,0,0,0,0,0,0,0,0,0
COOK-:-WARD 37 PRECINCT 05,31,COOK,WARD 37 PRECINCT 05,7,0,0,0,0,0,0,0,0,0,0,0,0,0,0,0,0,0,310,0,0,0,0,0,0,0,0,0,0,0,0,0,0,0,0,0,0,0,0,0,0,0,0,0,0
COOK-:-WARD 37 PRECINCT 06,31,COOK,WARD 37 PRECINCT 06,7,0,0,0,0,0,0,0,0,0,0,0,0,0,0,0,0,0,564,0,0,0,0,0,0,0,0,0,0,0,0,0,0,0,0,0,0,0,0,0,0,0,0,0,0
COOK-:-WARD 37 PRECINCT 08,31,COOK,WARD 37 PRECINCT 08,7,0,0,0,0,0,0,0,0,0,0,0,0,0,0,0,0,0,513,0,0,0,0,0,0,0,0,0,0,0,0,0,0,0,0,0,0,0,0,0,0,0,0,0,0
COOK-:-WARD 37 PRECINCT 09,31,COOK,WARD 37 PRECINCT 09,7,0,0,0,0,0,0,0,0,0,0,0,0,0,0,0,0,0,220,0,0,0,0,0,0,0,0,0,0,0,0,0,0,0,0,0,0,0,0,0,0,0,0,0,0
COOK-:-WARD 37 PRECINCT 10,31,COOK,WARD 37 PRECINCT 10,7,0,0,0,0,0,0,0,0,0,0,0,0,0,0,0,0,0,354,0,0,0,0,0,0,0,0,0,0,0,0,0,0,0,0,0,0,0,0,0,0,0,0,0,0
COOK-:-WARD 37 PRECINCT 11,31,COOK,WARD 37 PRECINCT 11,7,0,0,0,0,0,0,0,0,0,0,0,0,0,0,0,0,0,366,0,0,0,0,0,0,0,0,0,0,0,0,0,0,0,0,0,0,0,0,0,0,0,0,0,0
COOK-:-WARD 37 PRECINCT 12,31,COOK,WARD 37 PRECINCT 12,7,0,0,0,0,0,0,0,0,0,0,0,0,0,0,0,0,0,499,0,0,0,0,0,0,0,0,0,0,0,0,0,0,0,0,0,0,0,0,0,0,0,0,0,0
COOK-:-WARD 37 PRECINCT 13,31,COOK,WARD 37 PRECINCT 13,7,0,0,0,0,0,0,0,0,0,0,0,0,0,0,0,0,0,300,0,0,0,0,0,0,0,0,0,0,0,0,0,0,0,0,0,0,0,0,0,0,0,0,0,0
COOK-:-WARD 37 PRECINCT 14,31,COOK,WARD 37 PRECINCT 14,7,0,0,0,0,0,0,0,0,0,0,0,0,0,0,0,0,0,517,0,0,0,0,0,0,0,0,0,0,0,0,0,0,0,0,0,0,0,0,0,0,0,0,0,0
COOK-:-WARD 37 PRECINCT 15,31,COOK,WARD 37 PRECINCT 15,7,0,0,0,0,0,0,0,0,0,0,0,0,0,0,0,0,0,471,0,0,0,0,0,0,0,0,0,0,0,0,0,0,0,0,0,0,0,0,0,0,0,0,0,0
COOK-:-WARD 37 PRECINCT 17,31,COOK,WARD 37 PRECINCT 17,7,0,0,0,0,0,0,0,0,0,0,0,0,0,0,0,0,0,321,0,0,0,0,0,0,0,0,0,0,0,0,0,0,0,0,0,0,0,0,0,0,0,0,0,0
COOK-:-WARD 37 PRECINCT 18,31,COOK,WARD 37 PRECINCT 18,7,0,0,0,0,0,0,0,0,0,0,0,0,0,0,0,0,0,388,0,0,0,0,0,0,0,0,0,0,0,0,0,0,0,0,0,0,0,0,0,0,0,0,0,0
COOK-:-WARD 37 PRECINCT 20,31,COOK,WARD 37 PRECINCT 20,7,0,0,0,0,0,0,0,0,0,0,0,0,0,0,0,0,0,541,0,0,0,0,0,0,0,0,0,0,0,0,0,0,0,0,0,0,0,0,0,0,0,0,0,0
COOK-:-WARD 42 PRECINCT 01,31,COOK,WARD 42 PRECINCT 01,7,0,0,0,0,0,0,0,0,0,0,0,0,0,0,0,0,0,275,0,0,0,0,0,0,0,0,0,0,0,0,0,0,0,0,0,0,0,0,0,0,0,0,0,0
COOK-:-WARD 42 PRECINCT 02,31,COOK,WARD 42 PRECINCT 02,7,0,0,0,0,0,0,0,0,0,0,0,0,0,0,0,0,0,257,0,0,0,0,0,0,0,0,0,0,0,0,0,0,0,0,0,0,0,0,0,0,0,0,0,0
COOK-:-WARD 42 PRECINCT 03,31,COOK,WARD 42 PRECINCT 03,7,0,0,0,0,0,0,0,0,0,0,0,0,0,0,0,0,0,737,3,0,0,0,0,0,0,0,0,0,0,0,0,0,0,0,0,0,0,0,0,0,0,0,0,0
COOK-:-WARD 42 PRECINCT 04,31,COOK,WARD 42 PRECINCT 04,7,0,0,0,0,0,0,0,0,0,0,0,0,0,0,0,0,0,607,0,0,0,0,0,0,0,0,0,0,0,0,0,0,0,0,0,0,0,0,0,0,0,0,0,0
COOK-:-WARD 42 PRECINCT 05,31,COOK,WARD 42 PRECINCT 05,7,0,0,0,0,0,0,0,0,0,0,0,0,0,0,0,0,0,850,1,0,0,0,0,0,0,0,0,0,0,0,0,0,0,0,0,0,0,0,0,0,0,0,0,0
COOK-:-WARD 42 PRECINCT 06,31,COOK,WARD 42 PRECINCT 06,7,0,0,0,0,0,0,0,0,0,0,0,0,0,0,0,0,0,359,0,0,0,0,0,0,0,0,0,0,0,0,0,0,0,0,0,0,0,0,0,0,0,0,0,0
COOK-:-WARD 42 PRECINCT 07,31,COOK,WARD 42 PRECINCT 07,7,0,0,0,0,0,0,0,0,0,0,0,0,0,0,0,0,0,571,1,0,0,0,0,0,0,0,0,0,0,0,0,0,0,0,0,0,0,0,0,0,0,0,0,0
COOK-:-WARD 42 PRECINCT 08,31,COOK,WARD 42 PRECINCT 08,7,0,0,0,0,0,0,0,0,0,0,0,0,0,0,0,0,0,405,0,0,0,0,0,0,0,0,0,0,0,0,0,0,0,0,0,0,0,0,0,0,0,0,0,0
COOK-:-WARD 42 PRECINCT 10,31,COOK,WARD 42 PRECINCT 10,7,0,0,0,0,0,0,0,0,0,0,0,0,0,0,0,0,0,431,0,0,0,0,0,0,0,0,0,0,0,0,0,0,0,0,0,0,0,0,0,0,0,0,0,0
COOK-:-WARD 42 PRECINCT 11,31,COOK,WARD 42 PRECINCT 11,7,0,0,0,0,0,0,0,0,0,0,0,0,0,0,0,0,0,500,0,0,0,0,0,0,0,0,0,0,0,0,0,0,0,0,0,0,0,0,0,0,0,0,0,0
COOK-:-WARD 42 PRECINCT 12,31,COOK,WARD 42 PRECINCT 12,7,0,0,0,0,0,0,0,0,0,0,0,0,0,0,0,0,0,389,1,0,0,0,0,0,0,0,0,0,0,0,0,0,0,0,0,0,0,0,0,0,0,0,0,0
COOK-:-WARD 42 PRECINCT 13,31,COOK,WARD 42 PRECINCT 13,7,0,0,0,0,0,0,0,0,0,0,0,0,0,0,0,0,0,288,0,0,0,0,0,0,0,0,0,0,0,0,0,0,0,0,0,0,0,0,0,0,0,0,0,0
COOK-:-WARD 42 PRECINCT 14,31,COOK,WARD 42 PRECINCT 14,7,0,0,0,0,0,0,0,0,0,0,0,0,0,0,0,0,0,228,0,0,0,0,0,0,0,0,0,0,0,0,0,0,0,0,0,0,0,0,0,0,0,0,0,0
COOK-:-WARD 42 PRECINCT 15,31,COOK,WARD 42 PRECINCT 15,7,0,0,0,0,0,0,0,0,0,0,0,0,0,0,0,0,0,226,0,0,0,0,0,0,0,0,0,0,0,0,0,0,0,0,0,0,0,0,0,0,0,0,0,0
COOK-:-WARD 42 PRECINCT 16,31,COOK,WARD 42 PRECINCT 16,7,0,0,0,0,0,0,0,0,0,0,0,0,0,0,0,0,0,670,0,0,0,0,0,0,0,0,0,0,0,0,0,0,0,0,0,0,0,0,0,0,0,0,0,0
COOK-:-WARD 42 PRECINCT 17,31,COOK,WARD 42 PRECINCT 17,7,0,0,0,0,0,0,0,0,0,0,0,0,0,0,0,0,0,790,1,0,0,0,0,0,0,0,0,0,0,0,0,0,0,0,0,0,0,0,0,0,0,0,0,0
COOK-:-WARD 42 PRECINCT 18,31,COOK,WARD 42 PRECINCT 18,7,0,0,0,0,0,0,0,0,0,0,0,0,0,0,0,0,0,437,1,0,0,0,0,0,0,0,0,0,0,0,0,0,0,0,0,0,0,0,0,0,0,0,0,0
COOK-:-WARD 42 PRECINCT 19,31,COOK,WARD 42 PRECINCT 19,7,0,0,0,0,0,0,0,0,0,0,0,0,0,0,0,0,0,648,4,0,0,0,0,0,0,0,0,0,0,0,0,0,0,0,0,0,0,0,0,0,0,0,0,0
COOK-:-WARD 42 PRECINCT 20,31,COOK,WARD 42 PRECINCT 20,7,0,0,0,0,0,0,0,0,0,0,0,0,0,0,0,0,0,638,0,0,0,0,0,0,0,0,0,0,0,0,0,0,0,0,0,0,0,0,0,0,0,0,0,0
COOK-:-WARD 42 PRECINCT 21,31,COOK,WARD 42 PRECINCT 21,7,0,0,0,0,0,0,0,0,0,0,0,0,0,0,0,0,0,797,1,0,0,0,0,0,0,0,0,0,0,0,0,0,0,0,0,0,0,0,0,0,0,0,0,0
